timestamp,rms_x,rms_y,rms_z,std_x,std_y,std_z,label
2026-08-02 23:48:44,1.7728,2.975,10.3985,0.1709,1.1246,0.1802,NORMAL
2026-08-02 23:48:45,1.7644,2.9249,10.3298,0.1844,1.1071,0.1771,NORMAL
2026-08-02 23:48:46,1.7357,2.9305,10.3508,0.1724,1.1136,0.1703,NORMAL
2026-08-02 23:48:47,1.7174,2.9171,10.3242,0.1596,1.1023,0.1618,NORMAL
2026-08-02 23:48:48,1.7582,2.9618,10.4424,0.1816,1.1291,0.1782,NORMAL
2026-08-02 23:48:49,1.7499,2.9226,10.2841,0.1757,1.1056,0.1852,NORMAL
2026-08-02 23:48:50,1.743,2.9675,10.4746,0.1849,1.139,0.1994,NORMAL
2026-08-02 23:48:52,1.734,2.9519,10.2449,0.1753,1.1302,0.1643,NORMAL
2026-08-02 23:48:53,1.7211,2.9399,10.4154,0.1645,1.1176,0.1753,NORMAL
2026-08-02 23:48:54,1.7584,3.0022,10.3648,0.1734,1.1435,0.1857,NORMAL
2026-08-02 23:48:55,1.7436,2.958,10.4163,0.1648,1.121,0.1627,NORMAL
2026-08-02 23:48:56,1.757,2.9898,10.3761,0.173,1.1399,0.1734,NORMAL
2026-08-02 23:48:57,1.7682,2.97,10.48,0.1822,1.1339,0.1658,NORMAL
2026-08-02 23:48:58,1.688,2.8897,10.3506,0.1894,1.1167,0.1957,NORMAL
2026-08-02 23:48:59,1.7626,2.9396,10.3774,0.1983,1.1289,0.1861,NORMAL
2026-08-02 23:49:00,1.7026,2.9273,10.3244,0.1808,1.1254,0.1698,NORMAL
2026-08-02 23:49:01,1.7381,2.9669,10.3458,0.1781,1.1327,0.178,NORMAL
2026-08-02 23:49:02,1.7323,2.9239,10.3945,0.1888,1.1224,0.1905,NORMAL
2026-08-02 23:49:03,1.6712,2.946,10.4793,0.1709,1.1502,0.1529,NORMAL
2026-08-02 23:49:04,1.6753,2.9376,10.3701,0.1589,1.1292,0.1665,NORMAL
2026-08-02 23:49:05,1.7185,2.9479,10.3728,0.1882,1.141,0.2138,NORMAL
2026-08-02 23:49:06,1.7907,2.9567,10.4389,0.1864,1.1175,0.1706,NORMAL
2026-08-02 23:49:07,1.7032,2.937,10.4379,0.1875,1.1372,0.1766,NORMAL
2026-08-02 23:49:08,1.7626,2.9658,10.4666,0.1873,1.1366,0.1972,NORMAL
2026-08-02 23:49:09,1.7481,2.9312,10.3855,0.1996,1.1286,0.176,NORMAL
2026-08-02 23:49:10,1.7909,3.008,10.4193,0.2096,1.1582,0.2192,NORMAL
2026-08-02 23:49:11,1.6925,2.9049,10.2486,0.1963,1.1327,0.1816,NORMAL
2026-08-02 23:49:12,1.7166,2.9252,10.4737,0.2013,1.1417,0.1827,NORMAL
2026-08-02 23:49:13,1.7973,3.0287,10.4842,0.2037,1.1637,0.1907,NORMAL
2026-08-02 23:49:14,1.7844,3.0169,10.4094,0.1708,1.1431,0.203,NORMAL
2026-08-02 23:49:15,1.7275,2.9529,10.3755,0.1862,1.1365,0.1997,NORMAL
2026-08-02 23:49:16,1.8415,3.0,10.4525,0.1996,1.1336,0.1721,NORMAL
2026-08-02 23:49:17,1.752,2.9673,10.4367,0.188,1.1392,0.1936,NORMAL
2026-08-02 23:49:18,1.6893,2.9451,10.4273,0.1848,1.1451,0.1762,NORMAL
2026-08-02 23:49:19,1.7645,2.9637,10.4336,0.1998,1.1402,0.191,NORMAL
2026-08-02 23:49:20,1.6872,2.9133,10.2189,0.1839,1.1299,0.1737,NORMAL
2026-08-02 23:49:21,1.7479,2.9616,10.4137,0.195,1.1405,0.1915,NORMAL
2026-08-02 23:49:22,1.8112,2.9813,10.4568,0.1964,1.1304,0.195,NORMAL
2026-08-02 23:49:23,1.7325,2.966,10.3935,0.1765,1.1392,0.1809,NORMAL
2026-08-02 23:49:24,1.7415,2.953,10.3655,0.1905,1.1404,0.1884,NORMAL
2026-08-02 23:49:25,1.7631,2.9772,10.3578,0.1803,1.1322,0.181,NORMAL
2026-08-02 23:49:26,1.8163,2.989,10.3339,0.1845,1.124,0.1886,NORMAL
2026-08-02 23:49:27,1.7987,2.962,10.4177,0.2005,1.1314,0.1906,NORMAL
2026-08-02 23:49:28,1.6944,2.9045,10.3664,0.1874,1.1268,0.2038,NORMAL
2026-08-02 23:49:29,1.7156,2.9592,10.4535,0.1812,1.1452,0.1886,NORMAL
2026-08-02 23:49:30,1.7332,2.9197,10.3843,0.2015,1.1299,0.1793,NORMAL
2026-08-02 23:49:31,1.7025,2.9078,10.4402,0.1769,1.1189,0.1787,NORMAL
2026-08-02 23:49:32,1.7493,2.9567,10.3838,0.1917,1.1389,0.1736,NORMAL
2026-08-02 23:49:33,1.6915,2.9293,10.3704,0.1794,1.134,0.1799,NORMAL
2026-08-02 23:49:34,1.6969,2.8952,10.3834,0.1891,1.1205,0.1737,NORMAL
2026-08-02 23:49:35,1.7329,2.9358,10.3731,0.1865,1.1273,0.1911,NORMAL
2026-08-02 23:49:36,1.7377,2.961,10.4671,0.1768,1.1317,0.181,NORMAL
2026-08-02 23:49:37,1.7043,2.8999,10.4416,0.1959,1.1215,0.1815,NORMAL
2026-08-02 23:49:38,1.6827,2.8956,10.3521,0.1796,1.1149,0.1634,NORMAL
2026-08-02 23:49:39,1.7708,2.962,10.4099,0.2035,1.1427,0.1924,NORMAL
2026-08-02 23:49:40,1.6185,2.8714,10.412,0.18,1.126,0.1755,NORMAL
2026-08-02 23:49:41,1.8264,3.0103,10.4554,0.1982,1.1477,0.1868,NORMAL
2026-08-02 23:49:42,1.7782,2.9681,10.3525,0.2018,1.138,0.1988,NORMAL
2026-08-02 23:49:43,1.7564,2.9531,10.5196,0.1847,1.1261,0.1792,NORMAL
2026-08-02 23:49:44,1.7309,2.9394,10.4476,0.1939,1.1352,0.1657,NORMAL
2026-08-02 23:49:45,1.654,2.9085,10.3501,0.1674,1.1248,0.1895,NORMAL
2026-08-02 23:49:46,1.6233,2.8828,10.4516,0.1778,1.1317,0.1888,NORMAL
2026-08-02 23:49:47,1.6848,2.9405,10.3172,0.1714,1.1392,0.1818,NORMAL
2026-08-02 23:49:48,1.693,2.9186,10.3807,0.1816,1.1277,0.1794,NORMAL
2026-08-02 23:49:49,1.7027,2.9135,10.4032,0.1625,1.1091,0.1735,NORMAL
2026-08-02 23:49:50,1.7134,2.9291,10.3649,0.1926,1.1311,0.1843,NORMAL
2026-08-02 23:49:51,1.667,2.936,10.3696,0.166,1.137,0.1715,NORMAL
2026-08-02 23:49:52,1.6858,2.8994,10.3154,0.1681,1.11,0.1687,NORMAL
2026-08-02 23:49:53,1.6528,2.9169,10.4244,0.1748,1.1361,0.1827,NORMAL
2026-08-02 23:49:54,1.6773,2.9192,10.3453,0.1679,1.1257,0.1598,NORMAL
2026-08-02 23:49:55,1.795,2.9577,10.4147,0.1806,1.1099,0.1853,NORMAL
2026-08-02 23:49:56,1.7334,2.9323,10.4305,0.1855,1.1235,0.1988,NORMAL
2026-08-02 23:49:57,1.6372,2.9035,10.4207,0.1815,1.1415,0.1794,NORMAL
2026-08-02 23:49:58,1.758,2.9371,10.3722,0.1797,1.1139,0.1739,NORMAL
2026-08-02 23:49:59,1.7187,2.9288,10.3468,0.1777,1.1218,0.1666,NORMAL
2026-08-02 23:50:00,1.6749,2.9124,10.407,0.175,1.1293,0.1991,NORMAL
2026-08-02 23:50:01,1.7091,2.9269,10.3507,0.1768,1.1269,0.173,NORMAL
2026-08-02 23:50:02,1.6693,2.8938,10.3072,0.174,1.1201,0.165,NORMAL
2026-08-02 23:50:03,1.6662,2.8998,10.3714,0.1634,1.1153,0.1659,NORMAL
2026-08-02 23:50:04,1.6407,2.8874,10.2922,0.1484,1.1072,0.1658,NORMAL
2026-08-02 23:50:05,1.6461,2.8394,10.4228,0.1762,1.0974,0.1644,NORMAL
2026-08-02 23:50:06,1.6896,2.9214,10.3509,0.17,1.1265,0.1619,NORMAL
2026-08-02 23:50:07,1.6448,2.8931,10.4283,0.1745,1.1293,0.1694,NORMAL
2026-08-02 23:50:08,1.6017,2.8588,10.321,0.1565,1.1136,0.1762,NORMAL
2026-08-02 23:50:09,1.624,2.8902,10.3452,0.157,1.1192,0.1614,NORMAL
2026-08-02 23:50:10,1.5887,2.8021,10.3282,0.1667,1.0918,0.1478,NORMAL
2026-08-02 23:50:11,1.728,2.9307,10.4091,0.1748,1.1141,0.1685,NORMAL
2026-08-02 23:50:12,1.596,2.8685,10.3151,0.1552,1.1167,0.1713,NORMAL
2026-08-02 23:50:13,1.6519,2.8891,10.3156,0.1749,1.1238,0.1512,NORMAL
2026-08-02 23:50:14,1.5651,2.7939,10.3135,0.1581,1.0915,0.1686,NORMAL
2026-08-02 23:50:15,1.6927,2.9364,10.3552,0.1651,1.1305,0.1618,NORMAL
2026-08-02 23:50:16,1.6555,2.8977,10.4113,0.1558,1.1121,0.1429,NORMAL
2026-08-02 23:50:17,1.5733,2.8444,10.2855,0.1375,1.0956,0.1541,NORMAL
2026-08-02 23:50:18,1.6185,2.8703,10.3933,0.1546,1.1108,0.1757,NORMAL
2026-08-02 23:50:19,1.6409,2.9013,10.3401,0.1709,1.1309,0.1811,NORMAL
2026-08-02 23:50:20,1.6012,2.8207,10.3487,0.16,1.0906,0.1653,NORMAL
2026-08-02 23:50:21,1.5601,2.8231,10.3812,0.1728,1.1195,0.1843,NORMAL
2026-08-02 23:50:22,1.5106,2.791,10.3217,0.1397,1.092,0.1443,NORMAL
2026-08-02 23:50:23,1.5954,2.8607,10.3555,0.1432,1.105,0.1487,NORMAL
2026-08-02 23:50:24,1.6368,2.9001,10.2364,0.1429,1.1125,0.151,NORMAL
2026-08-02 23:50:25,1.6464,2.8822,10.3379,0.1649,1.1144,0.1765,NORMAL
2026-08-02 23:50:26,1.6063,2.8008,10.3598,0.1651,1.082,0.194,NORMAL
2026-08-02 23:50:27,1.5656,2.8047,10.2461,0.1392,1.0834,0.1356,NORMAL
2026-08-02 23:50:28,1.5721,2.7906,10.2302,0.1456,1.0724,0.1368,NORMAL
2026-08-02 23:50:29,1.6673,2.8709,10.269,0.153,1.0953,0.1581,NORMAL
2026-08-02 23:50:30,1.5539,2.8184,10.3001,0.1316,1.0883,0.1344,NORMAL
2026-08-02 23:50:31,1.6105,2.8557,10.2949,0.148,1.0981,0.1297,NORMAL
2026-08-02 23:50:32,1.5859,2.8342,10.2676,0.1487,1.1001,0.128,NORMAL
2026-08-02 23:50:33,1.5723,2.8154,10.3275,0.144,1.0862,0.1466,NORMAL
2026-08-02 23:50:34,1.4791,2.7711,10.2006,0.112,1.0791,0.1492,NORMAL
2026-08-02 23:50:35,1.5494,2.83,10.2405,0.1191,1.0839,0.146,NORMAL
2026-08-02 23:50:36,1.5747,2.8412,10.1965,0.1364,1.0969,0.157,NORMAL
2026-08-02 23:50:37,1.6107,2.8608,10.3044,0.1501,1.1047,0.1614,NORMAL
2026-08-02 23:50:38,1.5589,2.8053,10.3,0.1387,1.0858,0.1342,NORMAL
2026-08-02 23:50:40,1.5177,2.7793,10.2624,0.1425,1.0896,0.1387,NORMAL
2026-08-02 23:50:41,1.555,2.7999,10.2713,0.1158,1.0663,0.1199,NORMAL
2026-08-02 23:50:42,1.5252,2.8281,10.3192,0.1192,1.096,0.124,NORMAL
2026-08-02 23:50:43,1.5472,2.7935,10.228,0.1359,1.0809,0.1247,NORMAL
2026-08-02 23:50:44,1.5588,2.7801,10.28,0.1387,1.0713,0.1273,NORMAL
2026-08-02 23:50:45,1.4841,2.7588,10.219,0.1096,1.0636,0.1169,NORMAL
2026-08-02 23:50:46,1.6025,2.8285,10.3265,0.1374,1.0778,0.1267,NORMAL
2026-08-02 23:50:47,1.5109,2.7872,10.1944,0.1231,1.0805,0.1266,NORMAL
2026-08-02 23:50:48,1.5594,2.7899,10.2716,0.133,1.0705,0.123,NORMAL
2026-08-02 23:50:49,1.554,2.7958,10.2544,0.1231,1.0692,0.1314,NORMAL
2026-08-02 23:50:50,1.4265,2.731,10.1883,0.1068,1.0667,0.1016,NORMAL
2026-08-02 23:50:51,1.497,2.7798,10.1771,0.1143,1.0716,0.1227,NORMAL
2026-08-02 23:50:52,1.553,2.8154,10.2892,0.1312,1.0864,0.1282,NORMAL
2026-08-02 23:50:53,1.4647,2.7515,10.1853,0.1179,1.0715,0.1402,NORMAL
2026-08-02 23:50:54,1.5639,2.8375,10.3077,0.1296,1.0958,0.1367,NORMAL
2026-08-02 23:50:55,1.4,2.6815,10.292,0.1199,1.0643,0.132,NORMAL
2026-08-02 23:50:56,1.5242,2.7944,10.1912,0.117,1.0727,0.1475,NORMAL
2026-08-02 23:50:57,1.4513,2.7422,10.1671,0.118,1.0738,0.1278,NORMAL
2026-08-02 23:50:58,1.4713,2.7283,10.2338,0.1175,1.0563,0.0997,NORMAL
2026-08-02 23:50:59,1.4679,2.7729,10.3264,0.1103,1.079,0.1333,NORMAL
2026-08-02 23:51:00,1.4283,2.733,10.2423,0.1096,1.0703,0.1292,NORMAL
2026-08-02 23:51:01,1.5256,2.7333,10.2851,0.1368,1.056,0.1388,NORMAL
2026-08-02 23:51:02,1.4655,2.7321,10.3038,0.1201,1.0688,0.1187,NORMAL
2026-08-02 23:51:03,1.4468,2.7154,10.0805,0.1118,1.0547,0.1239,NORMAL
2026-08-02 23:51:04,1.4198,2.7216,10.157,0.1214,1.0785,0.1221,NORMAL
2026-08-02 23:51:05,1.4142,2.7327,10.154,0.1144,1.0774,0.1331,NORMAL
2026-08-02 23:51:06,1.4778,2.7607,10.1744,0.1216,1.0782,0.1142,NORMAL
2026-08-02 23:51:07,1.4141,2.6997,10.1936,0.1157,1.0629,0.1131,NORMAL
2026-08-02 23:51:08,1.4674,2.7665,10.1816,0.1146,1.0816,0.1049,NORMAL
2026-08-02 23:51:09,1.4904,2.7785,10.1381,0.1164,1.0725,0.1264,NORMAL
2026-08-02 23:51:10,1.479,2.734,10.2339,0.1228,1.0643,0.1172,NORMAL
2026-08-02 23:51:11,1.4044,2.673,10.1366,0.099,1.0377,0.0924,NORMAL
2026-08-02 23:51:12,1.3873,2.6898,10.2601,0.1018,1.0577,0.1004,NORMAL
2026-08-02 23:51:13,1.4407,2.7525,10.2049,0.1143,1.08,0.1316,NORMAL
2026-08-02 23:51:14,1.4864,2.7153,10.1187,0.1233,1.0499,0.1171,NORMAL
2026-08-02 23:51:15,1.4901,2.7553,10.27,0.1127,1.0644,0.1182,NORMAL
2026-08-02 23:51:16,1.406,2.6817,10.147,0.1162,1.0537,0.1048,NORMAL
2026-08-02 23:51:17,1.4331,2.7082,10.1798,0.1047,1.0501,0.0894,NORMAL
2026-08-02 23:51:18,1.4746,2.7388,10.143,0.1188,1.0647,0.1192,NORMAL
2026-08-02 23:51:19,1.4636,2.7182,10.1898,0.1259,1.065,0.1339,NORMAL
2026-08-02 23:51:20,1.4425,2.7082,10.112,0.1085,1.0517,0.1169,NORMAL
2026-08-02 23:51:21,1.3388,2.6551,10.1293,0.1093,1.0633,0.1172,NORMAL
2026-08-02 23:51:22,1.4865,2.7653,10.0671,0.1063,1.0641,0.1228,NORMAL
2026-08-02 23:51:23,1.3511,2.7105,10.237,0.1059,1.0804,0.1295,NORMAL
2026-08-02 23:51:24,1.4283,2.7142,10.176,0.1197,1.0709,0.117,NORMAL
2026-08-02 23:51:25,1.4395,2.7083,10.1877,0.1188,1.0573,0.1361,NORMAL
2026-08-02 23:51:27,1.4429,2.7389,10.2456,0.1132,1.0737,0.1167,NORMAL
2026-08-02 23:51:28,1.4513,2.7224,10.1521,0.1216,1.0674,0.1228,NORMAL
2026-08-02 23:51:29,1.4752,2.758,10.2112,0.1134,1.0683,0.1122,NORMAL
2026-08-02 23:51:31,1.3837,2.6981,10.1624,0.1051,1.0662,0.1146,NORMAL
2026-08-02 23:51:33,1.3573,2.6751,10.1262,0.1062,1.0579,0.1131,NORMAL
2026-08-02 23:51:34,1.4356,2.7395,10.1392,0.1298,1.085,0.1442,NORMAL
2026-08-02 23:51:35,1.401,2.6872,10.1702,0.112,1.0535,0.0913,NORMAL
2026-08-02 23:51:36,1.3408,2.6394,10.1147,0.0984,1.0458,0.0899,NORMAL
2026-08-02 23:51:37,1.3836,2.7033,10.1203,0.0958,1.0587,0.1119,NORMAL
2026-08-02 23:51:38,1.4631,2.718,10.2091,0.1403,1.0734,0.1321,NORMAL
2026-08-02 23:51:39,1.3569,2.6533,10.1111,0.1084,1.0512,0.0972,NORMAL
2026-08-02 23:51:40,1.444,2.7034,10.1975,0.1344,1.0673,0.1214,NORMAL
2026-08-02 23:51:41,1.4418,2.6997,10.177,0.1205,1.0563,0.1232,NORMAL
2026-08-02 23:51:42,1.4426,2.662,10.1488,0.1292,1.0429,0.1026,NORMAL
2026-08-02 23:51:43,1.4042,2.6821,10.1445,0.1103,1.0536,0.1061,NORMAL
2026-08-02 23:51:44,1.3929,2.6751,10.2041,0.1275,1.0659,0.1346,NORMAL
2026-08-02 23:51:46,1.3324,2.6463,10.1573,0.1119,1.0583,0.1169,NORMAL
2026-08-02 23:51:47,1.3327,2.65,10.1671,0.0964,1.0479,0.1086,NORMAL
2026-08-02 23:51:48,1.3802,2.6707,10.2487,0.1236,1.0672,0.1238,NORMAL
2026-08-02 23:51:49,1.4202,2.6881,10.2289,0.132,1.0677,0.1195,NORMAL
2026-08-02 23:51:51,1.3797,2.6932,10.2272,0.1071,1.0606,0.1078,NORMAL
2026-08-02 23:51:52,1.3664,2.6441,10.2523,0.1351,1.0644,0.1354,NORMAL
2026-08-02 23:51:53,1.337,2.6465,10.1609,0.1087,1.0564,0.1081,NORMAL
2026-08-02 23:51:54,1.4301,2.6744,10.2104,0.1342,1.059,0.1379,NORMAL
2026-08-02 23:51:55,1.4019,2.6846,10.178,0.1198,1.058,0.1252,NORMAL
2026-08-02 23:51:56,1.3215,2.6311,10.1378,0.1127,1.0533,0.1247,NORMAL
2026-08-02 23:51:57,1.3822,2.6911,10.1529,0.1144,1.0667,0.117,NORMAL
2026-08-02 23:51:58,1.4561,2.7321,10.2445,0.1486,1.0864,0.1348,NORMAL
2026-08-02 23:52:00,1.3626,2.6747,10.2496,0.1074,1.0611,0.115,NORMAL
2026-08-02 23:52:01,1.3235,2.6724,10.2196,0.1163,1.0839,0.1294,NORMAL
2026-08-02 23:52:02,1.4221,2.7225,10.2795,0.1186,1.0743,0.1423,NORMAL
2026-08-02 23:52:04,1.3572,2.6996,10.2409,0.1204,1.0854,0.1253,NORMAL
2026-08-02 23:52:07,1.4511,2.7078,10.1771,0.122,1.056,0.1377,NORMAL
2026-08-02 23:52:08,1.3662,2.6855,10.1483,0.1138,1.0696,0.1152,NORMAL
2026-08-02 23:52:09,1.4004,2.722,10.3296,0.1184,1.0774,0.1252,NORMAL
2026-08-02 23:52:10,1.3541,2.7005,10.2145,0.1234,1.0896,0.1292,NORMAL
2026-08-02 23:52:11,1.3512,2.7058,10.2883,0.1256,1.0957,0.1359,NORMAL
2026-08-02 23:52:12,1.3365,2.6496,10.1913,0.1187,1.0686,0.1275,NORMAL
2026-08-02 23:52:13,1.3921,2.7079,10.1812,0.1305,1.0841,0.1261,NORMAL
2026-08-02 23:52:14,1.3029,2.6472,10.2284,0.102,1.0666,0.1176,NORMAL
2026-08-02 23:52:15,1.349,2.6715,10.2212,0.1311,1.0814,0.1362,NORMAL
2026-08-02 23:52:16,1.3805,2.6819,10.2731,0.1339,1.0793,0.1365,NORMAL
2026-08-02 23:52:17,1.4112,2.694,10.342,0.1282,1.0678,0.1108,NORMAL
2026-08-02 23:52:18,1.3811,2.6882,10.222,0.1493,1.0902,0.1287,NORMAL
2026-08-02 23:52:19,1.351,2.677,10.2423,0.1362,1.0899,0.139,NORMAL
2026-08-02 23:52:20,1.4366,2.7477,10.2655,0.1458,1.1014,0.1532,NORMAL
2026-08-02 23:52:21,1.3795,2.6498,10.23,0.1446,1.0682,0.1274,NORMAL
2026-08-02 23:52:22,1.3473,2.6827,10.2264,0.1494,1.1021,0.1668,NORMAL
2026-08-02 23:52:23,1.4301,2.6716,10.3131,0.1372,1.0553,0.1506,NORMAL
2026-08-02 23:52:24,1.3885,2.6685,10.3245,0.1486,1.0781,0.1455,NORMAL
2026-08-02 23:52:25,1.3759,2.6629,10.3393,0.1492,1.0818,0.1305,NORMAL
2026-08-02 23:52:26,1.3303,2.667,10.2905,0.1569,1.1036,0.143,NORMAL
2026-08-02 23:52:27,1.3846,2.6924,10.2393,0.1529,1.0955,0.1497,NORMAL
2026-08-02 23:52:28,1.3468,2.6764,10.2975,0.1196,1.0775,0.1335,NORMAL
2026-08-02 23:52:29,1.3933,2.6867,10.2497,0.1572,1.0946,0.1552,NORMAL
2026-08-02 23:52:30,1.4084,2.7216,10.3012,0.1478,1.1011,0.1576,NORMAL
2026-08-02 23:52:31,1.4553,2.7357,10.3405,0.1584,1.0947,0.1522,NORMAL
2026-08-02 23:52:32,1.4381,2.7427,10.3144,0.1685,1.1139,0.1665,NORMAL
2026-08-02 23:52:33,1.3852,2.6892,10.2735,0.1511,1.0949,0.1481,NORMAL
2026-08-02 23:52:34,1.4076,2.6968,10.3987,0.1637,1.0949,0.1493,NORMAL
2026-08-02 23:52:35,1.3582,2.6848,10.3504,0.1212,1.0848,0.1472,NORMAL
2026-08-02 23:52:36,1.344,2.6754,10.4577,0.1664,1.1077,0.1655,NORMAL
2026-08-02 23:52:37,1.3271,2.6569,10.2855,0.1631,1.1055,0.1616,NORMAL
2026-08-02 23:52:38,1.411,2.7295,10.377,0.1629,1.1135,0.1571,NORMAL
2026-08-02 23:52:39,1.4393,2.7703,10.2894,0.1356,1.1069,0.1583,NORMAL
2026-08-02 23:52:40,1.3684,2.735,10.2772,0.1489,1.128,0.1667,NORMAL
2026-08-02 23:52:41,1.4048,2.7084,10.3673,0.1712,1.1122,0.1701,NORMAL
2026-08-02 23:52:42,1.415,2.7187,10.4032,0.1583,1.1035,0.144,NORMAL
2026-08-02 23:52:43,1.4082,2.6923,10.307,0.1565,1.0947,0.1348,NORMAL
2026-08-02 23:52:44,1.3258,2.6429,10.4195,0.1594,1.0963,0.1642,NORMAL
2026-08-02 23:52:45,1.3862,2.7114,10.2946,0.1465,1.1007,0.1393,NORMAL
2026-08-02 23:52:46,1.4012,2.7069,10.4122,0.1696,1.1127,0.174,NORMAL
2026-08-02 23:52:47,1.3934,2.7432,10.3687,0.1589,1.1262,0.1828,NORMAL
2026-08-02 23:52:48,1.4598,2.7524,10.3079,0.1588,1.1079,0.1782,NORMAL
2026-08-02 23:52:49,1.3845,2.711,10.2848,0.1648,1.1161,0.1577,NORMAL
2026-08-02 23:52:50,1.4151,2.7596,10.3506,0.1596,1.1258,0.1772,NORMAL
2026-08-02 23:52:51,1.4251,2.7576,10.308,0.1739,1.1334,0.1796,NORMAL
2026-08-02 23:52:52,1.3706,2.6956,10.378,0.157,1.1066,0.1739,NORMAL
2026-08-02 23:52:53,1.3416,2.6852,10.4062,0.1537,1.112,0.1763,NORMAL
2026-08-02 23:52:54,1.4626,2.7097,10.3128,0.1815,1.1002,0.1612,NORMAL
2026-08-02 23:52:55,1.365,2.72,10.4245,0.1715,1.1355,0.1848,NORMAL
2026-08-02 23:52:56,1.4386,2.7489,10.3547,0.1841,1.1316,0.2048,NORMAL
2026-08-02 23:52:57,1.4265,2.72,10.4371,0.1931,1.1255,0.1773,NORMAL
2026-08-02 23:52:58,1.3196,2.6582,10.3164,0.1589,1.1072,0.1808,NORMAL
2026-08-02 23:52:59,1.3647,2.7433,10.3807,0.1686,1.1432,0.1715,NORMAL
2026-08-02 23:53:00,1.4638,2.7824,10.3836,0.1842,1.1417,0.1717,NORMAL
2026-08-02 23:53:01,1.451,2.7582,10.4833,0.187,1.1333,0.1961,NORMAL
2026-08-02 23:53:02,1.3416,2.7031,10.2757,0.1685,1.1294,0.1769,NORMAL
2026-08-02 23:53:03,1.3536,2.7238,10.4269,0.1624,1.1337,0.1828,NORMAL
2026-08-02 23:53:04,1.4416,2.7998,10.3696,0.1688,1.1493,0.1879,NORMAL
2026-08-02 23:53:05,1.4022,2.7084,10.3941,0.1652,1.1124,0.1719,NORMAL
2026-08-02 23:53:06,1.399,2.7446,10.3953,0.1746,1.1366,0.1827,NORMAL
2026-08-02 23:53:07,1.3907,2.7177,10.3797,0.178,1.1271,0.1767,NORMAL
2026-08-02 23:53:08,1.4057,2.7181,10.3234,0.1755,1.123,0.1733,NORMAL
2026-08-02 23:53:09,1.4427,2.7798,10.3934,0.1827,1.1498,0.1953,NORMAL
2026-08-02 23:53:10,1.3983,2.7013,10.3288,0.1825,1.1196,0.1914,NORMAL
2026-08-02 23:53:11,1.4196,2.7322,10.4725,0.204,1.1406,0.1984,NORMAL
2026-08-02 23:53:12,1.4003,2.7211,10.403,0.1995,1.1422,0.1832,NORMAL
2026-08-02 23:53:13,1.4538,2.7457,10.4885,0.1936,1.1297,0.1934,NORMAL
2026-08-02 23:53:14,1.4102,2.7631,10.4874,0.1799,1.1487,0.1745,NORMAL
2026-08-02 23:53:15,1.3408,2.6789,10.3553,0.1666,1.1154,0.155,NORMAL
2026-08-02 23:53:16,1.4464,2.7425,10.297,0.1891,1.1288,0.1992,NORMAL
2026-08-02 23:53:17,1.3924,2.7328,10.4059,0.173,1.1354,0.1733,NORMAL
2026-08-02 23:53:18,1.3817,2.76,10.4385,0.1869,1.1575,0.1963,NORMAL
2026-08-02 23:53:19,1.4916,2.8095,10.4371,0.1849,1.1464,0.1883,NORMAL
2026-08-02 23:53:20,1.4112,2.7544,10.3134,0.185,1.1416,0.1683,NORMAL
2026-08-02 23:53:22,1.4403,2.7605,10.5002,0.2017,1.148,0.1978,NORMAL
2026-08-02 23:53:23,1.3742,2.7367,10.3026,0.1607,1.1323,0.167,NORMAL
2026-08-02 23:53:24,1.3313,2.6649,10.3556,0.1906,1.1269,0.1809,NORMAL
2026-08-02 23:53:25,1.3803,2.7262,10.3737,0.1719,1.1273,0.1657,NORMAL
2026-08-02 23:53:26,1.4139,2.7654,10.357,0.1855,1.1514,0.1959,NORMAL
2026-08-02 23:53:27,1.4132,2.7569,10.5427,0.1845,1.143,0.2001,NORMAL
2026-08-02 23:53:28,1.436,2.7509,10.4899,0.1878,1.1322,0.2041,NORMAL
2026-08-02 23:53:29,1.3726,2.6991,10.3348,0.1981,1.1358,0.1795,NORMAL
2026-08-02 23:53:30,1.4164,2.7627,10.3804,0.1993,1.1562,0.194,NORMAL
2026-08-02 23:53:31,1.4077,2.7337,10.4097,0.1721,1.1272,0.1751,NORMAL
2026-08-02 23:53:32,1.3616,2.7207,10.4368,0.1668,1.1322,0.1852,NORMAL
2026-08-02 23:53:33,1.4015,2.7211,10.3855,0.1811,1.1256,0.1652,NORMAL
2026-08-02 23:53:34,1.3916,2.7057,10.4026,0.1752,1.1176,0.1824,NORMAL
2026-08-02 23:53:35,1.4065,2.7448,10.4513,0.191,1.1439,0.1832,NORMAL
2026-08-02 23:53:36,1.3605,2.699,10.3727,0.1849,1.1325,0.1953,NORMAL
2026-08-02 23:53:37,1.3648,2.7012,10.4515,0.1835,1.1279,0.1883,NORMAL
2026-08-02 23:53:38,1.4022,2.7376,10.4901,0.1973,1.1496,0.188,NORMAL
2026-08-02 23:53:39,1.4068,2.7448,10.4093,0.1952,1.1496,0.196,NORMAL
2026-08-02 23:53:40,1.3881,2.7248,10.3867,0.1744,1.13,0.1901,NORMAL
2026-08-02 23:53:41,1.4178,2.774,10.4628,0.1711,1.1432,0.1813,NORMAL
2026-08-02 23:53:42,1.3501,2.6612,10.3865,0.1904,1.1187,0.1808,NORMAL
2026-08-02 23:53:43,1.4139,2.7273,10.4696,0.2016,1.1433,0.1928,NORMAL
2026-08-02 23:53:44,1.4278,2.7369,10.4044,0.1751,1.1231,0.1819,NORMAL
2026-08-02 23:53:45,1.3718,2.697,10.454,0.1877,1.1296,0.1901,NORMAL
2026-08-02 23:53:47,1.3929,2.7189,10.4519,0.1921,1.1373,0.2078,NORMAL
2026-08-02 23:53:48,1.4164,2.7366,10.2695,0.1919,1.136,0.1763,NORMAL
2026-08-02 23:53:49,1.4224,2.7583,10.5289,0.184,1.1398,0.1909,NORMAL
2026-08-02 23:53:50,1.3771,2.7405,10.4024,0.1723,1.1387,0.1648,NORMAL
2026-08-02 23:53:52,1.3436,2.7029,10.4841,0.1698,1.1298,0.1825,NORMAL
2026-08-02 23:53:53,1.3512,2.6965,10.4349,0.1769,1.1283,0.1961,NORMAL
2026-08-02 23:53:55,1.4262,2.727,10.3241,0.1563,1.1036,0.1734,NORMAL
2026-08-02 23:53:57,1.4675,2.711,10.3417,0.1905,1.1061,0.206,NORMAL
2026-08-02 23:53:59,1.3212,2.6229,10.5139,0.1838,1.1066,0.1952,NORMAL
2026-08-02 23:54:00,1.3485,2.7091,10.3686,0.1768,1.1324,0.1899,NORMAL
2026-08-02 23:54:01,1.3847,2.7242,10.3827,0.1738,1.1298,0.1899,NORMAL
2026-08-02 23:54:02,1.3397,2.6815,10.2989,0.165,1.116,0.1626,NORMAL
2026-08-02 23:54:03,1.395,2.738,10.358,0.1725,1.1314,0.1589,NORMAL
2026-08-02 23:54:04,1.4249,2.7067,10.4212,0.1899,1.1171,0.1957,NORMAL
2026-08-02 23:54:05,1.3104,2.6982,10.2831,0.1635,1.1332,0.178,NORMAL
2026-08-02 23:54:06,1.3878,2.7661,10.341,0.1793,1.1525,0.1874,NORMAL
2026-08-02 23:54:07,1.3092,2.7248,10.3257,0.147,1.1355,0.1721,NORMAL
2026-08-02 23:54:09,1.3954,2.7279,10.4288,0.19,1.1389,0.1883,NORMAL
2026-08-02 23:54:10,1.3407,2.7071,10.4908,0.1561,1.1243,0.1694,NORMAL
2026-08-02 23:54:11,1.3798,2.7297,10.4892,0.164,1.1307,0.1697,NORMAL
2026-08-02 23:54:12,1.4312,2.7274,10.3569,0.1657,1.1107,0.1699,NORMAL
2026-08-02 23:54:13,1.2667,2.6128,10.3189,0.1548,1.0948,0.1631,NORMAL
2026-08-02 23:54:14,1.4202,2.7606,10.334,0.1669,1.1334,0.1698,NORMAL
2026-08-02 23:54:15,1.3406,2.6898,10.4295,0.1659,1.1206,0.1721,NORMAL
2026-08-02 23:54:16,1.3903,2.695,10.4062,0.1837,1.1204,0.1756,NORMAL
2026-08-02 23:54:17,1.4262,2.7194,10.2617,0.1677,1.1087,0.1577,NORMAL
2026-08-02 23:54:18,1.3402,2.6755,10.36,0.1782,1.1231,0.1844,NORMAL
2026-08-02 23:54:19,1.3569,2.7069,10.3808,0.1734,1.1284,0.1789,NORMAL
2026-08-02 23:54:20,1.3533,2.6781,10.4274,0.1643,1.1044,0.167,NORMAL
2026-08-02 23:54:21,1.4768,2.7559,10.3317,0.1845,1.1244,0.1755,NORMAL
2026-08-02 23:54:22,1.3447,2.6789,10.4407,0.164,1.1125,0.178,NORMAL
2026-08-02 23:54:23,1.3858,2.7292,10.2743,0.163,1.1212,0.1667,NORMAL
2026-08-02 23:54:24,1.2528,2.6817,10.3649,0.1517,1.1364,0.1743,NORMAL
2026-08-02 23:54:25,1.3843,2.7438,10.3641,0.1576,1.1251,0.1617,NORMAL
2026-08-02 23:54:26,1.3591,2.6665,10.3747,0.1789,1.1097,0.1743,NORMAL
2026-08-02 23:54:27,1.3353,2.6924,10.3586,0.1623,1.1193,0.1514,NORMAL
2026-08-02 23:54:28,1.3246,2.6818,10.3228,0.1612,1.1205,0.1596,NORMAL
2026-08-02 23:54:29,1.3963,2.6904,10.3588,0.1702,1.1024,0.1494,NORMAL
2026-08-02 23:54:30,1.3468,2.7263,10.4387,0.1678,1.1413,0.1822,NORMAL
2026-08-02 23:54:31,1.3605,2.7138,10.3259,0.1406,1.1081,0.1525,NORMAL
2026-08-02 23:54:32,1.3211,2.6758,10.4422,0.1706,1.123,0.1737,NORMAL
2026-08-02 23:54:33,1.4032,2.714,10.349,0.1672,1.1093,0.1707,NORMAL
2026-08-02 23:54:34,1.3168,2.6719,10.3452,0.1408,1.0977,0.1558,NORMAL
2026-08-02 23:54:35,1.2959,2.6649,10.3992,0.1452,1.1071,0.1494,NORMAL
2026-08-02 23:54:36,1.3539,2.6993,10.2921,0.1349,1.0996,0.1457,NORMAL
2026-08-02 23:54:37,1.3768,2.7263,10.2017,0.1299,1.0959,0.1592,NORMAL
2026-08-02 23:54:38,1.3348,2.6599,10.3496,0.1582,1.0974,0.1541,NORMAL
2026-08-02 23:54:40,1.3182,2.6415,10.281,0.1516,1.0898,0.1508,NORMAL
2026-08-02 23:54:41,1.2623,2.5956,10.2758,0.137,1.0759,0.1295,NORMAL
2026-08-02 23:54:43,1.3896,2.6759,10.2532,0.1718,1.0975,0.1691,NORMAL
2026-08-02 23:54:49,1.3319,2.692,10.2939,0.1402,1.1027,0.1418,NORMAL
2026-08-02 23:54:50,1.3659,2.7159,10.3689,0.1664,1.1268,0.1463,NORMAL
2026-08-02 23:54:51,1.3368,2.706,10.3205,0.1451,1.1167,0.1561,NORMAL
2026-08-02 23:54:52,1.3699,2.7469,10.2648,0.1352,1.1202,0.1531,NORMAL
2026-08-02 23:54:53,1.2782,2.6294,10.2346,0.1472,1.0952,0.15,NORMAL
2026-08-02 23:54:54,1.3779,2.7074,10.3508,0.1476,1.1029,0.1331,NORMAL
2026-08-02 23:54:55,1.2958,2.6864,10.2476,0.1516,1.1205,0.1392,NORMAL
2026-08-02 23:54:56,1.3324,2.6624,10.277,0.1616,1.1037,0.1614,NORMAL
2026-08-02 23:54:57,1.3288,2.668,10.1888,0.13,1.0836,0.1392,NORMAL
2026-08-02 23:54:58,1.2778,2.6213,10.3563,0.1507,1.0942,0.1569,NORMAL
2026-08-02 23:54:59,1.2891,2.6296,10.2696,0.1212,1.0727,0.1432,NORMAL
2026-08-02 23:55:00,1.4081,2.6904,10.2714,0.1666,1.0974,0.1537,NORMAL
2026-08-02 23:55:01,1.3789,2.6694,10.2218,0.1473,1.0815,0.1434,NORMAL
2026-08-02 23:55:02,1.3375,2.666,10.3253,0.1578,1.105,0.1645,NORMAL
2026-08-02 23:55:03,1.2861,2.614,10.2435,0.1305,1.0722,0.1358,NORMAL
2026-08-02 23:55:04,1.2734,2.6499,10.2361,0.1311,1.0966,0.1329,NORMAL
2026-08-02 23:55:05,1.377,2.6963,10.2193,0.1428,1.0911,0.1429,NORMAL
2026-08-02 23:55:06,1.35,2.6512,10.2619,0.1362,1.0719,0.1273,NORMAL
2026-08-02 23:55:07,1.2845,2.6718,10.2919,0.1284,1.102,0.1469,NORMAL
2026-08-02 23:55:08,1.2827,2.6577,10.33,0.1337,1.1013,0.1303,NORMAL
2026-08-02 23:55:09,1.3032,2.654,10.2036,0.1189,1.0817,0.1095,NORMAL
2026-08-02 23:55:10,1.3472,2.6863,10.1921,0.1436,1.0989,0.1499,NORMAL
2026-08-02 23:55:11,1.2977,2.6514,10.2244,0.1244,1.0848,0.1342,NORMAL
2026-08-02 23:55:12,1.3325,2.6405,10.3576,0.1432,1.0797,0.1471,NORMAL
2026-08-02 23:55:13,1.3755,2.6707,10.2268,0.1449,1.0802,0.151,NORMAL
2026-08-02 23:55:14,1.3531,2.676,10.3336,0.1407,1.0845,0.1268,NORMAL
2026-08-02 23:55:15,1.3685,2.6935,10.1762,0.1243,1.0813,0.1188,NORMAL
2026-08-02 23:55:16,1.2244,2.6066,10.1205,0.0918,1.0672,0.1188,NORMAL
2026-08-02 23:55:17,1.3248,2.6953,10.3279,0.1191,1.0964,0.1385,NORMAL
2026-08-02 23:55:18,1.2902,2.6182,10.2166,0.1199,1.0667,0.1217,NORMAL
2026-08-02 23:55:19,1.288,2.6448,10.0869,0.1108,1.074,0.1152,NORMAL
2026-08-02 23:55:20,1.2622,2.6105,10.1931,0.1168,1.0673,0.1157,NORMAL
2026-08-02 23:55:21,1.333,2.6366,10.1632,0.13,1.0655,0.1084,NORMAL
2026-08-02 23:55:22,1.3382,2.6286,10.1698,0.108,1.0467,0.1035,NORMAL
2026-08-02 23:55:23,1.3132,2.6153,10.1573,0.1219,1.0598,0.1473,NORMAL
2026-08-02 23:55:24,1.2844,2.6143,10.1845,0.1164,1.0601,0.1364,NORMAL
2026-08-02 23:55:25,1.3158,2.6297,10.1809,0.1247,1.0654,0.1117,NORMAL
2026-08-02 23:55:26,1.3364,2.6763,10.2892,0.1205,1.0795,0.1216,NORMAL
2026-08-02 23:55:27,1.3342,2.663,10.2403,0.1151,1.071,0.1203,NORMAL
2026-08-02 23:55:28,1.2719,2.6471,10.1742,0.104,1.0763,0.1031,NORMAL
2026-08-02 23:55:29,1.315,2.6647,10.2141,0.1152,1.0797,0.1337,NORMAL
2026-08-02 23:55:30,1.2582,2.5734,10.1576,0.1087,1.048,0.1201,NORMAL
2026-08-02 23:55:31,1.3164,2.6478,10.306,0.1123,1.0643,0.1212,NORMAL
2026-08-02 23:55:32,1.2669,2.5882,10.2658,0.1323,1.067,0.117,NORMAL
2026-08-02 23:55:33,1.2541,2.5866,10.1697,0.0901,1.041,0.0903,NORMAL
2026-08-02 23:55:34,1.3253,2.6631,10.22,0.1314,1.085,0.1131,NORMAL
2026-08-02 23:55:35,1.3335,2.6402,10.1949,0.1187,1.0596,0.1342,NORMAL
2026-08-02 23:55:36,1.3356,2.6763,10.1912,0.1101,1.0757,0.1074,NORMAL
2026-08-02 23:55:37,1.3048,2.6281,10.1756,0.1435,1.082,0.1288,NORMAL
2026-08-02 23:55:38,1.2199,2.6043,10.1291,0.1032,1.0699,0.1182,NORMAL
2026-08-02 23:55:39,1.3082,2.6444,10.2728,0.116,1.07,0.1256,NORMAL
2026-08-02 23:55:40,1.2284,2.5968,10.1861,0.0992,1.0614,0.0996,NORMAL
2026-08-02 23:55:41,1.3118,2.6409,10.1817,0.1068,1.0638,0.1137,NORMAL
2026-08-02 23:55:42,1.3584,2.6662,10.1574,0.0926,1.0476,0.1118,NORMAL
2026-08-02 23:55:43,1.4237,2.7087,10.2321,0.1241,1.0726,0.1376,NORMAL
2026-08-02 23:55:44,1.3955,2.6839,10.1882,0.1129,1.0609,0.108,NORMAL
2026-08-02 23:55:45,1.4209,2.7126,10.2598,0.1368,1.0816,0.1175,NORMAL
2026-08-02 23:55:46,1.2635,2.5935,10.1352,0.1042,1.0479,0.1076,NORMAL
2026-08-02 23:55:47,1.3664,2.7021,10.2075,0.1124,1.0804,0.1185,NORMAL
2026-08-02 23:55:49,1.366,2.687,10.2174,0.0976,1.062,0.133,NORMAL
2026-08-02 23:55:50,1.3825,2.6899,10.1557,0.1197,1.0709,0.1128,NORMAL
2026-08-02 23:55:51,1.2908,2.6002,10.1712,0.1126,1.0507,0.1148,NORMAL
2026-08-02 23:55:52,1.2999,2.5798,10.1898,0.1176,1.0398,0.0968,NORMAL
2026-08-02 23:55:53,1.3644,2.6411,10.1925,0.1231,1.0548,0.1052,NORMAL
2026-08-02 23:55:54,1.2529,2.5783,10.1818,0.1135,1.0531,0.1265,NORMAL
2026-08-02 23:55:55,1.35,2.6792,10.1649,0.1254,1.0835,0.1336,NORMAL
2026-08-02 23:55:56,1.3224,2.6605,10.0854,0.1133,1.0719,0.0964,NORMAL
2026-08-02 23:55:57,1.3195,2.6698,10.2141,0.113,1.0782,0.1166,NORMAL
2026-08-02 23:55:58,1.2597,2.6492,10.1713,0.1021,1.0847,0.1051,NORMAL
2026-08-02 23:56:00,1.381,2.6954,10.2131,0.1133,1.0684,0.1111,NORMAL
2026-08-02 23:56:02,1.3514,2.6505,10.1552,0.1103,1.053,0.1195,NORMAL
2026-08-02 23:56:04,1.3521,2.5994,10.1928,0.1244,1.0356,0.1073,NORMAL
2026-08-02 23:56:06,1.4268,2.7077,10.155,0.118,1.0629,0.1032,NORMAL
2026-08-02 23:56:08,1.3761,2.6703,10.1925,0.1182,1.0587,0.1137,NORMAL
2026-08-02 23:56:10,1.355,2.6931,10.2284,0.1023,1.0695,0.1361,NORMAL
2026-08-02 23:56:11,1.4131,2.7008,10.2356,0.1304,1.0714,0.1226,NORMAL
2026-08-02 23:56:12,1.3366,2.6688,10.2626,0.1236,1.0817,0.1275,NORMAL
2026-08-02 23:56:14,1.3864,2.6919,10.245,0.107,1.0612,0.1176,NORMAL
2026-08-02 23:56:15,1.3071,2.6426,10.1063,0.1055,1.0603,0.1281,NORMAL
2026-08-02 23:56:17,1.3598,2.6716,10.1338,0.1213,1.0701,0.1211,NORMAL
2026-08-02 23:56:18,1.4335,2.6903,10.1919,0.1389,1.0683,0.1239,NORMAL
2026-08-02 23:56:19,1.4142,2.6776,10.2526,0.1309,1.0586,0.13,NORMAL
2026-08-02 23:56:20,1.3682,2.6745,10.2234,0.1124,1.0613,0.1111,NORMAL
2026-08-02 23:56:21,1.2843,2.6161,10.113,0.1148,1.0634,0.1291,NORMAL
2026-08-02 23:56:22,1.3779,2.66,10.24,0.1222,1.0553,0.1053,NORMAL
2026-08-02 23:56:24,1.3701,2.6803,10.1243,0.1218,1.0703,0.1046,NORMAL
2026-08-02 23:56:25,1.3885,2.6797,10.2046,0.1459,1.084,0.1337,NORMAL
2026-08-02 23:56:28,1.4065,2.7095,10.1505,0.1199,1.0752,0.1275,NORMAL
2026-08-02 23:56:29,1.4395,2.7,10.2578,0.1168,1.0543,0.1196,NORMAL
2026-08-02 23:56:30,1.3375,2.6716,10.2748,0.1213,1.0762,0.1248,NORMAL
2026-08-02 23:56:31,1.3997,2.7358,10.2351,0.121,1.09,0.1179,NORMAL
2026-08-02 23:56:32,1.3815,2.6618,10.2086,0.1401,1.0715,0.1335,NORMAL
2026-08-02 23:56:33,1.386,2.6816,10.254,0.1172,1.0616,0.1267,NORMAL
2026-08-02 23:56:35,1.4552,2.7598,10.4237,0.1487,1.1031,0.1438,NORMAL
2026-08-02 23:56:36,1.4696,2.7027,10.2908,0.1483,1.0673,0.1447,NORMAL
2026-08-02 23:56:37,1.3632,2.6877,10.11,0.1234,1.0772,0.1444,NORMAL
2026-08-02 23:56:38,1.4134,2.7261,10.2206,0.128,1.0858,0.1419,NORMAL
2026-08-02 23:56:40,1.3996,2.699,10.2242,0.1092,1.0623,0.1122,NORMAL
2026-08-02 23:56:41,1.4564,2.718,10.1936,0.1317,1.0682,0.1237,NORMAL
2026-08-02 23:56:44,1.463,2.7555,10.2727,0.1332,1.0876,0.158,NORMAL
2026-08-02 23:56:45,1.4944,2.7842,10.2186,0.1427,1.0998,0.1393,NORMAL
2026-08-02 23:56:47,1.4702,2.7129,10.2421,0.1476,1.0733,0.1405,NORMAL
2026-08-02 23:56:48,1.4698,2.7498,10.2576,0.1348,1.0881,0.1499,NORMAL
2026-08-02 23:56:50,1.4377,2.7286,10.2402,0.1185,1.067,0.1381,NORMAL
2026-08-02 23:56:51,1.4414,2.7492,10.2655,0.1369,1.0946,0.1502,NORMAL
2026-08-02 23:56:54,1.4571,2.7382,10.1689,0.1322,1.0782,0.1304,NORMAL
2026-08-02 23:56:55,1.4699,2.7226,10.2143,0.1397,1.0766,0.1518,NORMAL
2026-08-02 23:56:57,1.4547,2.719,10.2374,0.1335,1.0706,0.1206,NORMAL
2026-08-02 23:56:59,1.4579,2.7375,10.3034,0.1244,1.0762,0.1384,NORMAL
2026-08-02 23:57:00,1.5055,2.7846,10.3068,0.1513,1.1019,0.1498,NORMAL
2026-08-02 23:57:02,1.4412,2.7359,10.1456,0.1255,1.0804,0.131,NORMAL
2026-08-02 23:57:03,1.5011,2.8025,10.2713,0.1488,1.1117,0.1447,NORMAL
2026-08-02 23:57:05,1.4714,2.7724,10.3086,0.144,1.1027,0.1391,NORMAL
2026-08-02 23:57:06,1.4651,2.771,10.3096,0.1515,1.11,0.1702,NORMAL
2026-08-02 23:57:08,1.4715,2.7776,10.3192,0.144,1.1064,0.1456,NORMAL
2026-08-02 23:57:09,1.4795,2.7514,10.2766,0.1341,1.0802,0.1267,NORMAL
2026-08-02 23:57:11,1.4356,2.7996,10.1993,0.139,1.1241,0.1316,NORMAL
2026-08-02 23:57:12,1.5874,2.8372,10.363,0.1666,1.1096,0.1414,NORMAL
2026-08-02 23:57:14,1.5416,2.8009,10.2849,0.1688,1.1112,0.1635,NORMAL
2026-08-02 23:57:16,1.5507,2.7962,10.2777,0.1487,1.0882,0.145,NORMAL
2026-08-02 23:57:17,1.5225,2.8326,10.3582,0.1617,1.1284,0.1813,NORMAL
2026-08-02 23:57:18,1.519,2.7986,10.3307,0.1519,1.1014,0.1791,NORMAL
2026-08-02 23:57:19,1.5288,2.7937,10.3106,0.1588,1.1047,0.1613,NORMAL
2026-08-02 23:57:21,1.5984,2.8242,10.318,0.1751,1.1047,0.1706,NORMAL
2026-08-02 23:57:23,1.5828,2.8286,10.2637,0.1654,1.1088,0.1417,NORMAL
2026-08-02 23:57:25,1.5779,2.8251,10.2255,0.1563,1.1036,0.1471,NORMAL
2026-08-02 23:57:26,1.5327,2.7819,10.2742,0.1603,1.0973,0.1472,NORMAL
2026-08-02 23:57:27,1.5933,2.8401,10.3595,0.1697,1.1137,0.1517,NORMAL
2026-08-02 23:57:29,1.5208,2.8289,10.3524,0.1508,1.1169,0.1629,NORMAL
2026-08-02 23:57:30,1.5179,2.7566,10.3549,0.1595,1.0917,0.1562,NORMAL
2026-08-02 23:57:32,1.5629,2.8156,10.3638,0.162,1.1103,0.1568,NORMAL
2026-08-02 23:57:33,1.5994,2.854,10.2947,0.1593,1.1089,0.1591,NORMAL
2026-08-02 23:57:35,1.5685,2.8508,10.4352,0.1705,1.1264,0.1837,NORMAL
2026-08-02 23:57:36,1.5893,2.8251,10.3077,0.1713,1.1083,0.1525,NORMAL
2026-08-02 23:57:38,1.5517,2.8526,10.3266,0.1671,1.1378,0.1843,NORMAL
2026-08-02 23:57:39,1.5598,2.8013,10.3157,0.1596,1.0965,0.1672,NORMAL
2026-08-02 23:57:40,1.57,2.8287,10.342,0.1781,1.1217,0.1811,NORMAL
2026-08-02 23:57:42,1.5592,2.8625,10.3761,0.1583,1.13,0.1862,NORMAL
2026-08-02 23:57:43,1.58,2.835,10.2724,0.1552,1.1037,0.1702,NORMAL
2026-08-02 23:57:44,1.5401,2.8059,10.4267,0.1742,1.1178,0.1767,NORMAL
2026-08-02 23:57:46,1.5081,2.801,10.4005,0.1719,1.1238,0.1712,NORMAL
2026-08-02 23:57:47,1.5507,2.823,10.2254,0.1586,1.11,0.1495,NORMAL
2026-08-02 23:57:48,1.5661,2.805,10.3603,0.1655,1.1005,0.1613,NORMAL
2026-08-02 23:57:49,1.5604,2.843,10.3853,0.1699,1.1247,0.1692,NORMAL
2026-08-02 23:57:51,1.6186,2.866,10.3706,0.186,1.1302,0.1969,NORMAL
2026-08-02 23:57:52,1.6107,2.8337,10.3178,0.1759,1.1056,0.1686,NORMAL
2026-08-02 23:57:53,1.6658,2.9081,10.4665,0.1804,1.1324,0.1916,NORMAL
2026-08-02 23:57:54,1.6039,2.86,10.4584,0.1822,1.1277,0.1842,NORMAL
2026-08-02 23:57:56,1.6346,2.8835,10.4182,0.1763,1.1268,0.1684,NORMAL
2026-08-02 23:57:57,1.6149,2.8856,10.4026,0.1835,1.137,0.1808,NORMAL
2026-08-02 23:57:58,1.6443,2.9274,10.4877,0.1798,1.1515,0.205,NORMAL
2026-08-02 23:57:59,1.5746,2.8183,10.3944,0.1652,1.1038,0.1644,NORMAL
2026-08-02 23:58:01,1.6299,2.9043,10.3751,0.175,1.1408,0.1946,NORMAL
2026-08-02 23:58:02,1.5959,2.8471,10.3936,0.1711,1.1174,0.1629,NORMAL
2026-08-02 23:58:03,1.6576,2.8994,10.3474,0.1763,1.124,0.1722,NORMAL
2026-08-02 23:58:04,1.6636,2.897,10.44,0.1867,1.1306,0.2005,NORMAL
2026-08-02 23:58:05,1.6409,2.8615,10.4771,0.1982,1.1299,0.191,NORMAL
2026-08-02 23:58:06,1.6133,2.881,10.4752,0.1893,1.1435,0.1903,NORMAL
2026-08-02 23:58:07,1.637,2.9243,10.3888,0.1726,1.1447,0.1954,NORMAL
2026-08-02 23:58:08,1.7013,2.9422,10.2852,0.2057,1.1535,0.1837,NORMAL
2026-08-02 23:58:09,1.7172,2.9358,10.3697,0.2024,1.1418,0.1869,NORMAL
2026-08-02 23:58:10,1.642,2.8765,10.2958,0.1686,1.1119,0.1908,NORMAL
2026-08-02 23:58:11,1.6846,2.9173,10.4389,0.1781,1.1312,0.196,NORMAL
2026-08-02 23:58:12,1.6472,2.9125,10.3954,0.1823,1.1423,0.1833,NORMAL
2026-08-02 23:58:14,1.6078,2.8657,10.3347,0.1751,1.1267,0.181,NORMAL
2026-08-02 23:58:15,1.6708,2.9009,10.328,0.1807,1.1268,0.1884,NORMAL
2026-08-02 23:58:16,1.6802,2.9076,10.3614,0.1958,1.1344,0.1841,NORMAL
2026-08-02 23:58:18,1.5637,2.8454,10.3128,0.1824,1.1357,0.1767,NORMAL
2026-08-02 23:58:19,1.643,2.8818,10.4922,0.177,1.1224,0.1953,NORMAL
2026-08-02 23:58:20,1.6333,2.9087,10.4248,0.1638,1.1341,0.1857,NORMAL
2026-08-02 23:58:21,1.6346,2.8935,10.4953,0.1941,1.1476,0.1992,NORMAL
2026-08-02 23:58:22,1.703,2.9111,10.3987,0.1902,1.1232,0.1869,NORMAL
2026-08-02 23:58:23,1.6822,2.9284,10.3967,0.1893,1.1453,0.2012,NORMAL
2026-08-02 23:58:24,1.6649,2.8659,10.4621,0.1991,1.1222,0.2072,NORMAL
2026-08-02 23:58:25,1.6222,2.8812,10.4014,0.1785,1.129,0.1656,NORMAL
2026-08-02 23:58:26,1.6717,2.9199,10.4233,0.1851,1.1373,0.1954,NORMAL
2026-08-02 23:58:28,1.631,2.8715,10.3631,0.1732,1.1182,0.1825,NORMAL
2026-08-02 23:58:29,1.6992,2.9122,10.3565,0.196,1.1333,0.1836,NORMAL
2026-08-02 23:58:30,1.71,2.9245,10.3699,0.1862,1.1311,0.1936,NORMAL
2026-08-02 23:58:31,1.6188,2.8988,10.5177,0.1919,1.1522,0.2108,NORMAL
2026-08-02 23:58:32,1.6476,2.8781,10.3966,0.1727,1.115,0.1771,NORMAL
2026-08-02 23:58:33,1.6396,2.8764,10.3241,0.1808,1.127,0.1761,NORMAL
2026-08-02 23:58:34,1.6905,2.9345,10.447,0.1862,1.1399,0.1881,NORMAL
2026-08-02 23:58:35,1.7352,2.9576,10.4385,0.1947,1.1411,0.1897,NORMAL
2026-08-02 23:58:36,1.7062,2.9537,10.4508,0.2093,1.1622,0.216,NORMAL
2026-08-02 23:58:37,1.7344,2.9279,10.4229,0.1972,1.1296,0.1997,NORMAL
2026-08-02 23:58:38,1.7313,2.9312,10.4039,0.2058,1.1389,0.2147,NORMAL
2026-08-02 23:58:39,1.6221,2.8962,10.424,0.1844,1.1473,0.1881,NORMAL
2026-08-02 23:58:40,1.7577,2.9342,10.5113,0.203,1.1277,0.1975,NORMAL
2026-08-02 23:58:41,1.7788,3.0083,10.4323,0.1848,1.1484,0.2008,NORMAL
2026-08-02 23:58:42,1.7426,2.9675,10.4558,0.1929,1.1491,0.2037,NORMAL
2026-08-02 23:58:43,1.667,2.9018,10.397,0.1831,1.1287,0.1944,NORMAL
2026-08-02 23:58:44,1.7243,2.9687,10.4294,0.1762,1.1411,0.1779,NORMAL
2026-08-02 23:58:45,1.7226,2.9489,10.5037,0.1922,1.1424,0.1958,NORMAL
2026-08-02 23:58:46,1.7291,2.9631,10.44,0.1884,1.1463,0.2038,NORMAL
2026-08-02 23:58:48,1.6454,2.8975,10.3468,0.1661,1.1268,0.1896,NORMAL
2026-08-02 23:58:49,1.6512,2.8884,10.4669,0.1727,1.1246,0.1861,NORMAL
2026-08-02 23:58:50,1.6816,2.9207,10.3324,0.1662,1.1233,0.1717,NORMAL
2026-08-02 23:58:51,1.6905,2.9034,10.5198,0.1963,1.1357,0.1893,NORMAL
2026-08-02 23:58:52,1.6701,2.8974,10.3707,0.1907,1.1317,0.192,NORMAL
2026-08-02 23:58:53,1.6569,2.8865,10.4097,0.169,1.111,0.1649,NORMAL
2026-08-02 23:58:54,1.687,2.9041,10.3151,0.1752,1.116,0.1864,NORMAL
2026-08-02 23:58:55,1.7025,2.917,10.3481,0.1782,1.1229,0.1795,NORMAL
2026-08-02 23:58:56,1.6879,2.9448,10.3803,0.1759,1.1384,0.1961,NORMAL
2026-08-02 23:58:57,1.7024,2.9417,10.4279,0.16,1.1244,0.1891,NORMAL
2026-08-02 23:58:58,1.6139,2.8894,10.4119,0.1683,1.1315,0.1827,NORMAL
2026-08-02 23:59:00,1.7678,2.9219,10.4336,0.1912,1.1123,0.2034,NORMAL
2026-08-02 23:59:01,1.6241,2.8648,10.3816,0.1593,1.1068,0.1884,NORMAL
2026-08-02 23:59:02,1.7299,2.9779,10.3973,0.1855,1.1501,0.1815,NORMAL
2026-08-02 23:59:03,1.6846,2.912,10.4909,0.1717,1.1212,0.1849,NORMAL
2026-08-02 23:59:07,1.794,3.0219,10.2971,0.1858,1.153,0.1804,NORMAL
2026-08-02 23:59:08,1.7398,2.962,10.297,0.1756,1.1315,0.1792,NORMAL
2026-08-02 23:59:10,1.7124,2.957,10.4138,0.1936,1.1497,0.2018,NORMAL
2026-08-02 23:59:12,1.6856,2.863,10.3612,0.1686,1.0935,0.1695,NORMAL
2026-08-02 23:59:13,1.7609,3.0476,10.4205,0.1611,1.1591,0.1602,NORMAL
2026-08-02 23:59:14,1.6945,2.9001,10.3922,0.1863,1.1209,0.1646,NORMAL
2026-08-02 23:59:15,1.7787,2.9601,10.3355,0.1923,1.1314,0.1686,NORMAL
2026-08-02 23:59:16,1.6751,2.9229,10.3749,0.179,1.1368,0.1695,NORMAL
2026-08-02 23:59:17,1.6419,2.9224,10.3206,0.1578,1.1302,0.1561,NORMAL
2026-08-02 23:59:18,1.713,2.947,10.3429,0.1611,1.1187,0.1585,NORMAL
2026-08-02 23:59:19,1.7227,2.9266,10.3596,0.1656,1.1132,0.1877,NORMAL
2026-08-02 23:59:20,1.6495,2.8937,10.3265,0.1487,1.1068,0.1605,NORMAL
2026-08-02 23:59:21,1.6976,2.9397,10.3141,0.1683,1.1269,0.1573,NORMAL
2026-08-02 23:59:22,1.7769,2.9667,10.2508,0.1823,1.1256,0.1638,NORMAL
2026-08-02 23:59:23,1.695,2.9258,10.3153,0.1599,1.1173,0.176,NORMAL
2026-08-02 23:59:25,1.7376,2.9279,10.4407,0.1886,1.1226,0.1787,NORMAL
2026-08-02 23:59:26,1.6875,2.9392,10.4674,0.1501,1.1231,0.1526,NORMAL
2026-08-02 23:59:28,1.7245,2.9251,10.3689,0.1797,1.1193,0.1745,NORMAL
2026-08-02 23:59:30,1.7537,2.973,10.3584,0.1719,1.1297,0.1603,NORMAL
2026-08-02 23:59:31,1.7021,2.9274,10.378,0.1573,1.1099,0.1718,NORMAL
2026-08-02 23:59:32,1.6511,2.8864,10.3306,0.1332,1.0913,0.154,NORMAL
2026-08-02 23:59:33,1.6638,2.9142,10.3705,0.158,1.1201,0.1597,NORMAL
2026-08-02 23:59:35,1.6924,2.9206,10.2704,0.1559,1.1079,0.1605,NORMAL
2026-08-02 23:59:36,1.625,2.858,10.3145,0.1456,1.0921,0.1508,NORMAL
2026-08-02 23:59:37,1.7769,2.9289,10.3723,0.1551,1.0815,0.1343,NORMAL
2026-08-02 23:59:38,1.6665,2.9047,10.3728,0.1521,1.1053,0.1718,NORMAL
2026-08-02 23:59:39,1.6135,2.8672,10.3143,0.1323,1.0958,0.1378,NORMAL
2026-08-02 23:59:41,1.6098,2.8395,10.2328,0.1532,1.0935,0.1406,NORMAL
2026-08-02 23:59:43,1.6413,2.8734,10.3432,0.1354,1.0884,0.1204,NORMAL
2026-08-02 23:59:45,1.6915,2.92,10.2964,0.1551,1.1075,0.1685,NORMAL
2026-08-02 23:59:47,1.6895,2.8991,10.204,0.1343,1.0856,0.1541,NORMAL
2026-08-02 23:59:48,1.6499,2.8793,10.2407,0.1382,1.0896,0.1574,NORMAL
2026-08-02 23:59:50,1.6315,2.8717,10.243,0.1548,1.1054,0.1527,NORMAL
2026-08-02 23:59:51,1.6908,2.909,10.3505,0.1536,1.1023,0.176,NORMAL
2026-08-02 23:59:52,1.64,2.8601,10.2887,0.1599,1.1025,0.1395,NORMAL
2026-08-02 23:59:53,1.6638,2.879,10.2427,0.1475,1.0904,0.1619,NORMAL
2026-08-02 23:59:54,1.7242,2.9163,10.2266,0.1581,1.1008,0.154,NORMAL
2026-08-02 23:59:55,1.6664,2.891,10.276,0.144,1.0944,0.1484,NORMAL
2026-08-02 23:59:56,1.668,2.8754,10.25,0.1425,1.0838,0.1361,NORMAL
2026-08-02 23:59:58,1.6218,2.8674,10.3183,0.133,1.0907,0.1344,NORMAL
2026-08-02 23:59:59,1.6853,2.9101,10.3137,0.1396,1.0913,0.1537,NORMAL
2026-08-03 00:00:00,1.6395,2.8864,10.3636,0.1352,1.0971,0.1424,NORMAL
2026-08-03 00:00:01,1.618,2.8812,10.2066,0.1313,1.0979,0.131,NORMAL
2026-08-03 00:00:04,1.7082,2.9088,10.24,0.1367,1.0848,0.1406,NORMAL
2026-08-03 00:00:05,1.6177,2.8564,10.2487,0.1224,1.0815,0.1427,NORMAL
2026-08-03 00:00:06,1.6662,2.9003,10.2861,0.1358,1.0995,0.1571,NORMAL
2026-08-03 00:00:07,1.7006,2.8841,10.2583,0.1469,1.083,0.1496,NORMAL
2026-08-03 00:00:08,1.6501,2.8177,10.2485,0.1541,1.0698,0.1367,NORMAL
2026-08-03 00:00:09,1.611,2.8413,10.2945,0.1428,1.0867,0.1254,NORMAL
2026-08-03 00:00:10,1.7266,2.9066,10.2822,0.1669,1.1006,0.1363,NORMAL
2026-08-03 00:00:11,1.706,2.8998,10.3383,0.1363,1.0824,0.1435,NORMAL
2026-08-03 00:00:13,1.6225,2.8207,10.309,0.1201,1.0578,0.1146,NORMAL
2026-08-03 00:00:14,1.6221,2.8424,10.189,0.1084,1.0605,0.1066,NORMAL
2026-08-03 00:00:15,1.587,2.8508,10.1641,0.1235,1.0901,0.1346,NORMAL
2026-08-03 00:00:16,1.7069,2.8907,10.2241,0.1357,1.0739,0.1297,NORMAL
2026-08-03 00:00:17,1.6072,2.8359,10.2574,0.1368,1.0799,0.1419,NORMAL
2026-08-03 00:00:18,1.6611,2.9092,10.2517,0.1328,1.0966,0.1344,NORMAL
2026-08-03 00:00:19,1.6317,2.8413,10.2965,0.1267,1.0691,0.1457,NORMAL
2026-08-03 00:00:20,1.6396,2.8623,10.1917,0.1193,1.0689,0.1429,NORMAL
2026-08-03 00:00:22,1.6185,2.8591,10.1767,0.1275,1.0831,0.115,NORMAL
2026-08-03 00:00:23,1.6167,2.8422,10.1927,0.119,1.0656,0.1213,NORMAL
2026-08-03 00:00:24,1.5947,2.8447,10.1916,0.1284,1.086,0.106,NORMAL
2026-08-03 00:00:25,1.5816,2.8371,10.1567,0.1124,1.0758,0.1247,NORMAL
2026-08-03 00:00:26,1.6367,2.8458,10.1468,0.1291,1.0698,0.1371,NORMAL
2026-08-03 00:00:27,1.6313,2.8654,10.1686,0.1207,1.0793,0.1317,NORMAL
2026-08-03 00:00:28,1.616,2.8399,10.1999,0.1197,1.0664,0.132,NORMAL
2026-08-03 00:00:29,1.6289,2.8343,10.1378,0.122,1.0601,0.1121,NORMAL
2026-08-03 00:00:30,1.5941,2.8302,10.228,0.1085,1.0617,0.1149,NORMAL
2026-08-03 00:00:31,1.561,2.8155,10.0776,0.0924,1.0574,0.1029,NORMAL
2026-08-03 00:00:32,1.6476,2.8353,10.1066,0.1235,1.0561,0.1455,NORMAL
2026-08-03 00:00:33,1.6063,2.8875,10.2662,0.1089,1.0858,0.1233,NORMAL
2026-08-03 00:00:34,1.6322,2.8533,10.2013,0.1053,1.0595,0.114,NORMAL
2026-08-03 00:00:35,1.6266,2.8577,10.1632,0.1093,1.0625,0.0956,NORMAL
2026-08-03 00:00:36,1.5808,2.827,10.1827,0.1093,1.0636,0.1288,NORMAL
2026-08-03 00:00:37,1.5695,2.7876,10.1288,0.1138,1.053,0.1115,NORMAL
2026-08-03 00:00:38,1.6189,2.8526,10.2093,0.0999,1.0601,0.1133,NORMAL
2026-08-03 00:00:39,1.568,2.8272,10.0858,0.1041,1.0667,0.119,NORMAL
2026-08-03 00:00:40,1.6106,2.8331,10.1832,0.1068,1.0578,0.1009,NORMAL
2026-08-03 00:00:41,1.5698,2.8319,10.1079,0.0871,1.0557,0.0843,NORMAL
2026-08-03 00:00:42,1.629,2.8261,10.2093,0.1038,1.0428,0.1211,NORMAL
2026-08-03 00:00:43,1.6264,2.8421,10.2358,0.1345,1.0744,0.1259,NORMAL
2026-08-03 00:00:44,1.6624,2.8891,10.1376,0.1321,1.0859,0.1219,NORMAL
2026-08-03 00:00:45,1.5441,2.7791,10.163,0.1124,1.0586,0.0985,NORMAL
2026-08-03 00:00:46,1.6442,2.9001,10.1994,0.0998,1.0764,0.1083,NORMAL
2026-08-03 00:00:47,1.6195,2.8397,10.1849,0.1177,1.0667,0.1019,NORMAL
2026-08-03 00:00:48,1.6564,2.8799,10.198,0.1281,1.0812,0.1469,NORMAL
2026-08-03 00:00:49,1.4992,2.7791,10.1583,0.1051,1.0649,0.1057,NORMAL
2026-08-03 00:00:50,1.6218,2.8474,10.1682,0.107,1.0594,0.0901,NORMAL
2026-08-03 00:00:51,1.6506,2.8702,10.173,0.113,1.0696,0.1047,NORMAL
2026-08-03 00:00:52,1.5524,2.8096,10.0632,0.0917,1.0558,0.138,NORMAL
2026-08-03 00:00:53,1.5462,2.787,10.1752,0.1009,1.0536,0.1058,NORMAL
2026-08-03 00:00:54,1.4829,2.7414,10.1843,0.0872,1.0416,0.1147,NORMAL
2026-08-03 00:00:55,1.5476,2.7879,10.1576,0.1114,1.0593,0.1208,NORMAL
2026-08-03 00:00:56,1.6246,2.8347,10.1398,0.1058,1.0488,0.0938,NORMAL
2026-08-03 00:00:57,1.6213,2.8545,10.2783,0.1314,1.083,0.127,NORMAL
2026-08-03 00:00:58,1.5718,2.8214,10.1682,0.101,1.0608,0.1105,NORMAL
2026-08-03 00:00:59,1.6415,2.8283,10.1765,0.1272,1.0585,0.1361,NORMAL
2026-08-03 00:01:00,1.5387,2.7738,10.1513,0.1008,1.0481,0.1006,NORMAL
2026-08-03 00:01:01,1.6452,2.8446,10.2429,0.1117,1.0537,0.107,NORMAL
2026-08-03 00:01:02,1.6257,2.8445,10.1912,0.1247,1.0689,0.1165,NORMAL
2026-08-03 00:01:03,1.5791,2.8412,10.1527,0.0976,1.0653,0.1125,NORMAL
2026-08-03 00:01:04,1.6112,2.818,10.1226,0.1158,1.0557,0.0965,NORMAL
2026-08-03 00:01:05,1.5578,2.8048,10.2671,0.1097,1.0624,0.1325,NORMAL
2026-08-03 00:01:06,1.6082,2.8185,10.1235,0.1072,1.0475,0.1233,NORMAL
2026-08-03 00:01:07,1.5567,2.8218,10.1549,0.1064,1.0664,0.1408,NORMAL
2026-08-03 00:01:09,1.6283,2.8198,10.2317,0.1344,1.0654,0.1175,NORMAL
2026-08-03 00:01:11,1.6102,2.85,10.0957,0.107,1.063,0.1027,NORMAL
2026-08-03 00:01:12,1.5023,2.7892,10.1423,0.0849,1.0552,0.1149,NORMAL
2026-08-03 00:01:13,1.5908,2.8155,10.135,0.1067,1.0558,0.1103,NORMAL
2026-08-03 00:01:14,1.5705,2.8111,10.1283,0.1163,1.0656,0.1064,NORMAL
2026-08-03 00:01:15,1.564,2.8142,10.1618,0.0942,1.0546,0.112,NORMAL
2026-08-03 00:01:16,1.5707,2.8219,10.1015,0.1088,1.0663,0.1163,NORMAL
2026-08-03 00:01:17,1.5119,2.8153,10.1789,0.1056,1.0825,0.0998,NORMAL
2026-08-03 00:01:19,1.6183,2.8308,10.3073,0.1357,1.0717,0.1222,NORMAL
2026-08-03 00:01:21,1.5013,2.7719,10.1692,0.0868,1.0491,0.0971,NORMAL
2026-08-03 00:01:22,1.6309,2.8278,10.1999,0.1277,1.0592,0.1245,NORMAL
2026-08-03 00:01:23,1.5866,2.8192,10.261,0.1351,1.0805,0.1373,NORMAL
2026-08-03 00:01:24,1.5617,2.8224,10.1903,0.1224,1.0786,0.1279,NORMAL
2026-08-03 00:01:25,1.5653,2.781,10.1699,0.1208,1.0559,0.1186,NORMAL
2026-08-03 00:01:26,1.5505,2.7993,10.2437,0.1158,1.066,0.127,NORMAL
2026-08-03 00:01:27,1.5586,2.7589,10.1581,0.1223,1.0457,0.1183,NORMAL
2026-08-03 00:01:28,1.6424,2.8261,10.2562,0.1453,1.0711,0.1224,NORMAL
2026-08-03 00:01:29,1.5261,2.7879,10.1889,0.1071,1.0612,0.127,NORMAL
2026-08-03 00:01:30,1.6207,2.8595,10.2182,0.1279,1.0804,0.1167,NORMAL
2026-08-03 00:01:31,1.6065,2.8444,10.3387,0.1314,1.0884,0.1361,NORMAL
2026-08-03 00:01:32,1.5877,2.8345,10.0982,0.1187,1.0751,0.1174,NORMAL
2026-08-03 00:01:33,1.6082,2.8268,10.1687,0.1231,1.0674,0.1104,NORMAL
2026-08-03 00:01:34,1.594,2.8332,10.2318,0.1349,1.0846,0.1352,NORMAL
2026-08-03 00:01:35,1.6132,2.8345,10.2623,0.1341,1.0788,0.126,NORMAL
2026-08-03 00:01:36,1.5817,2.7934,10.3492,0.1589,1.0856,0.1601,NORMAL
2026-08-03 00:01:37,1.6223,2.8337,10.3631,0.1313,1.0721,0.1261,NORMAL
2026-08-03 00:01:38,1.6441,2.8447,10.2816,0.144,1.0787,0.1347,NORMAL
2026-08-03 00:01:39,1.6351,2.8483,10.154,0.1471,1.0838,0.1304,NORMAL
2026-08-03 00:01:40,1.632,2.8738,10.2509,0.1487,1.1042,0.1368,NORMAL
2026-08-03 00:01:41,1.5833,2.8422,10.2749,0.1411,1.0967,0.1429,NORMAL
2026-08-03 00:01:42,1.5966,2.8221,10.2619,0.1476,1.0859,0.1308,NORMAL
2026-08-03 00:01:43,1.6056,2.8578,10.328,0.1493,1.1046,0.1501,NORMAL
2026-08-03 00:01:44,1.5727,2.7966,10.2101,0.1394,1.0758,0.115,NORMAL
2026-08-03 00:01:45,1.6307,2.8684,10.2382,0.1315,1.0884,0.1351,NORMAL
2026-08-03 00:01:47,1.672,2.8925,10.1935,0.141,1.0938,0.1479,NORMAL
2026-08-03 00:01:48,1.6072,2.8677,10.329,0.1552,1.1103,0.1715,NORMAL
2026-08-03 00:01:49,1.6072,2.8392,10.2422,0.128,1.0767,0.1257,NORMAL
2026-08-03 00:01:50,1.661,2.8978,10.3271,0.1656,1.1189,0.1739,NORMAL
2026-08-03 00:01:51,1.6025,2.8625,10.3293,0.146,1.1049,0.1309,NORMAL
2026-08-03 00:01:52,1.6115,2.8633,10.2651,0.1445,1.0994,0.1437,NORMAL
2026-08-03 00:01:53,1.5985,2.8592,10.3281,0.1466,1.1052,0.1479,NORMAL
2026-08-03 00:01:55,1.6023,2.8565,10.3392,0.1295,1.0911,0.156,NORMAL
2026-08-03 00:01:56,1.6132,2.8804,10.3076,0.1425,1.1077,0.1578,NORMAL
2026-08-03 00:01:57,1.5781,2.8667,10.3211,0.1383,1.1097,0.1605,NORMAL
2026-08-03 00:01:58,1.6035,2.863,10.3093,0.1629,1.117,0.1616,NORMAL
2026-08-03 00:01:59,1.5891,2.8529,10.3516,0.1428,1.1004,0.1433,NORMAL
2026-08-03 00:02:00,1.5968,2.845,10.4276,0.1675,1.1131,0.1567,NORMAL
2026-08-03 00:02:01,1.6202,2.8822,10.3056,0.1573,1.1193,0.162,NORMAL
2026-08-03 00:02:02,1.5919,2.8704,10.346,0.1401,1.1089,0.1619,NORMAL
2026-08-03 00:02:03,1.6263,2.8214,10.3187,0.1687,1.092,0.1613,NORMAL
2026-08-03 00:02:04,1.5636,2.8269,10.2924,0.154,1.1048,0.1518,NORMAL
2026-08-03 00:02:05,1.6285,2.9023,10.3093,0.1546,1.1217,0.1606,NORMAL
2026-08-03 00:02:06,1.6353,2.8457,10.2425,0.1699,1.1018,0.1498,NORMAL
2026-08-03 00:02:07,1.4691,2.746,10.3036,0.1448,1.088,0.1563,NORMAL
2026-08-03 00:02:08,1.5789,2.8618,10.3498,0.1429,1.1095,0.1573,NORMAL
2026-08-03 00:02:09,1.6259,2.8576,10.2531,0.17,1.1095,0.1583,NORMAL
2026-08-03 00:02:10,1.5594,2.8233,10.3553,0.1594,1.1048,0.1858,NORMAL
2026-08-03 00:02:12,1.6533,2.8691,10.4056,0.1807,1.1156,0.1648,NORMAL
2026-08-03 00:02:13,1.6191,2.8758,10.37,0.1665,1.1202,0.1509,NORMAL
2026-08-03 00:02:14,1.5976,2.8776,10.411,0.1519,1.1193,0.1641,NORMAL
2026-08-03 00:02:15,1.6185,2.8821,10.4125,0.1722,1.1299,0.178,NORMAL
2026-08-03 00:02:16,1.5568,2.8195,10.3199,0.1654,1.1134,0.1829,NORMAL
2026-08-03 00:02:17,1.6519,2.8815,10.3728,0.1795,1.1249,0.1682,NORMAL
2026-08-03 00:02:19,1.5989,2.863,10.304,0.1583,1.1145,0.1697,NORMAL
2026-08-03 00:02:20,1.5357,2.7848,10.3643,0.1571,1.0956,0.1615,NORMAL
2026-08-03 00:02:22,1.5995,2.8474,10.2544,0.161,1.1126,0.1534,NORMAL
2026-08-03 00:02:23,1.5862,2.8788,10.2943,0.1555,1.1282,0.1605,NORMAL
2026-08-03 00:02:24,1.5396,2.7922,10.3671,0.1721,1.1075,0.1876,NORMAL
2026-08-03 00:02:25,1.5326,2.8008,10.3483,0.1674,1.1133,0.1759,NORMAL
2026-08-03 00:02:26,1.5268,2.7692,10.3812,0.1736,1.1041,0.1593,NORMAL
2026-08-03 00:02:27,1.6603,2.8773,10.3159,0.1646,1.1046,0.1737,NORMAL
2026-08-03 00:02:28,1.6054,2.876,10.2994,0.1608,1.1222,0.1678,NORMAL
2026-08-03 00:02:29,1.5952,2.8349,10.4226,0.1838,1.1211,0.1856,NORMAL
2026-08-03 00:02:30,1.5706,2.8129,10.3585,0.1812,1.1131,0.173,NORMAL
2026-08-03 00:02:31,1.6558,2.9055,10.3707,0.1912,1.1407,0.1821,NORMAL
2026-08-03 00:02:32,1.5775,2.8294,10.3743,0.1701,1.1118,0.1856,NORMAL
2026-08-03 00:02:33,1.6343,2.8675,10.4534,0.1887,1.1294,0.186,NORMAL
2026-08-03 00:02:34,1.5939,2.8401,10.3733,0.1857,1.1259,0.1864,NORMAL
2026-08-03 00:02:35,1.6403,2.8521,10.4222,0.1784,1.1103,0.193,NORMAL
2026-08-03 00:02:36,1.6326,2.8727,10.4063,0.1835,1.1267,0.1979,NORMAL
2026-08-03 00:02:37,1.5623,2.8582,10.3683,0.1628,1.1317,0.184,NORMAL
2026-08-03 00:02:38,1.5629,2.8734,10.4057,0.161,1.1377,0.184,NORMAL
2026-08-03 00:02:40,1.6392,2.867,10.4115,0.2013,1.1344,0.1963,NORMAL
2026-08-03 00:02:41,1.6798,2.9098,10.3055,0.1914,1.1372,0.1958,NORMAL
2026-08-03 00:02:42,1.5771,2.8642,10.4138,0.1622,1.1277,0.178,NORMAL
2026-08-03 00:02:43,1.6226,2.8958,10.3779,0.1881,1.1445,0.2232,NORMAL
2026-08-03 00:02:44,1.5778,2.8447,10.3332,0.1821,1.1299,0.1712,NORMAL
2026-08-03 00:02:45,1.5923,2.852,10.4191,0.1875,1.1326,0.1978,NORMAL
2026-08-03 00:02:46,1.6076,2.8768,10.4755,0.1887,1.1413,0.1801,NORMAL
2026-08-03 00:02:47,1.6285,2.8918,10.4109,0.1841,1.1412,0.1974,NORMAL
2026-08-03 00:02:48,1.6078,2.8512,10.4336,0.1963,1.1316,0.1902,NORMAL
2026-08-03 00:02:49,1.5666,2.8538,10.4243,0.1777,1.1355,0.1849,NORMAL
2026-08-03 00:02:50,1.577,2.8586,10.4364,0.1822,1.1391,0.1759,NORMAL
2026-08-03 00:02:51,1.6458,2.8983,10.4241,0.1935,1.1483,0.2336,NORMAL
2026-08-03 00:02:52,1.5009,2.7967,10.3875,0.1771,1.1256,0.1801,NORMAL
2026-08-03 00:02:53,1.6877,2.891,10.4241,0.199,1.1268,0.2095,NORMAL
2026-08-03 00:02:54,1.5189,2.8006,10.508,0.1947,1.137,0.1924,NORMAL
2026-08-03 00:02:55,1.6103,2.8306,10.3585,0.1954,1.1211,0.1881,NORMAL
2026-08-03 00:02:56,1.5838,2.8883,10.427,0.1756,1.151,0.2049,NORMAL
2026-08-03 00:02:57,1.5326,2.8087,10.3941,0.1906,1.1343,0.2052,NORMAL
2026-08-03 00:02:58,1.5719,2.8455,10.5015,0.1843,1.1358,0.2047,NORMAL
2026-08-03 00:02:59,1.5642,2.8529,10.3663,0.1861,1.1418,0.1795,NORMAL
2026-08-03 00:03:00,1.5582,2.8465,10.4421,0.1736,1.1348,0.1892,NORMAL
2026-08-03 00:03:01,1.5464,2.8297,10.4487,0.2024,1.1471,0.2182,NORMAL
2026-08-03 00:03:02,1.6038,2.871,10.5286,0.1957,1.1463,0.2011,NORMAL
2026-08-03 00:03:03,1.677,2.9253,10.4451,0.2056,1.1573,0.1832,NORMAL
2026-08-03 00:03:04,1.5686,2.8301,10.4718,0.1841,1.124,0.1858,NORMAL
2026-08-03 00:03:05,1.5556,2.8725,10.433,0.1844,1.1545,0.2016,NORMAL
2026-08-03 00:03:06,1.5723,2.8702,10.4481,0.1678,1.1389,0.1985,NORMAL
2026-08-03 00:03:07,1.5815,2.8463,10.3975,0.1839,1.1329,0.1881,NORMAL
2026-08-03 00:03:08,1.523,2.7834,10.3613,0.1869,1.1198,0.1856,NORMAL
2026-08-03 00:03:09,1.5475,2.7898,10.4657,0.1869,1.1152,0.1807,NORMAL
2026-08-03 00:03:10,1.5019,2.8015,10.4055,0.1824,1.1332,0.1734,NORMAL
2026-08-03 00:03:11,1.5343,2.8401,10.3968,0.1801,1.1418,0.1957,NORMAL
2026-08-03 00:03:12,1.5438,2.7714,10.4735,0.2,1.1186,0.1988,NORMAL
2026-08-03 00:03:13,1.5579,2.8372,10.3829,0.1759,1.1266,0.1802,NORMAL
2026-08-03 00:03:14,1.4607,2.7516,10.4609,0.1756,1.1154,0.1868,NORMAL
2026-08-03 00:03:15,1.5161,2.8413,10.4775,0.1653,1.1433,0.1922,NORMAL
2026-08-03 00:03:16,1.5616,2.8077,10.361,0.1832,1.1183,0.185,NORMAL
2026-08-03 00:03:17,1.5184,2.8061,10.4389,0.1946,1.1407,0.2147,NORMAL
2026-08-03 00:03:18,1.4662,2.783,10.4095,0.1754,1.1289,0.1769,NORMAL
2026-08-03 00:03:19,1.5126,2.7991,10.3455,0.1783,1.1281,0.1678,NORMAL
2026-08-03 00:03:20,1.5048,2.812,10.5368,0.1779,1.1363,0.1858,NORMAL
2026-08-03 00:03:21,1.5318,2.8461,10.4171,0.1711,1.1396,0.1883,NORMAL
2026-08-03 00:03:22,1.4803,2.7741,10.4385,0.1793,1.1255,0.1777,NORMAL
2026-08-03 00:03:23,1.5778,2.858,10.4244,0.2011,1.1531,0.1938,NORMAL
2026-08-03 00:03:25,1.4903,2.764,10.4254,0.1897,1.1254,0.1857,NORMAL
2026-08-03 00:03:26,1.5265,2.838,10.4288,0.1836,1.1496,0.1859,NORMAL
2026-08-03 00:03:27,1.5025,2.7884,10.4102,0.1909,1.1353,0.1899,NORMAL
2026-08-03 00:03:28,1.541,2.8227,10.4783,0.1983,1.1428,0.1753,NORMAL
2026-08-03 00:03:29,1.4458,2.7573,10.4031,0.1591,1.1131,0.1828,NORMAL
2026-08-03 00:03:30,1.4272,2.7335,10.4297,0.1669,1.1158,0.1527,NORMAL
2026-08-03 00:03:31,1.458,2.7454,10.3679,0.1498,1.0973,0.1592,NORMAL
2026-08-03 00:03:32,1.4448,2.7448,10.3817,0.1758,1.1155,0.1913,NORMAL
2026-08-03 00:03:33,1.5032,2.8085,10.2852,0.187,1.1361,0.2041,NORMAL
2026-08-03 00:03:34,1.4401,2.7532,10.3784,0.1664,1.1159,0.1782,NORMAL
2026-08-03 00:03:35,1.4614,2.7601,10.3663,0.1584,1.1098,0.1671,NORMAL
2026-08-03 00:03:36,1.434,2.7469,10.4148,0.1734,1.1217,0.1756,NORMAL
2026-08-03 00:03:37,1.3959,2.7384,10.2411,0.1545,1.1206,0.1561,NORMAL
2026-08-03 00:03:38,1.4599,2.7796,10.4374,0.1741,1.1298,0.1979,NORMAL
2026-08-03 00:03:39,1.4157,2.7192,10.3574,0.1769,1.1221,0.188,NORMAL
2026-08-03 00:03:40,1.5246,2.8141,10.3957,0.1754,1.1324,0.1883,NORMAL
2026-08-03 00:03:41,1.4209,2.7528,10.3315,0.1513,1.1111,0.1766,NORMAL
2026-08-03 00:03:42,1.4564,2.7655,10.2866,0.1855,1.1337,0.1809,NORMAL
2026-08-03 00:03:43,1.5235,2.8164,10.4282,0.1808,1.1342,0.1768,NORMAL
2026-08-03 00:03:44,1.3688,2.7101,10.3318,0.1505,1.1117,0.166,NORMAL
2026-08-03 00:03:45,1.4427,2.7566,10.3198,0.1701,1.1207,0.1517,NORMAL
2026-08-03 00:03:46,1.4243,2.7337,10.4298,0.1617,1.1112,0.1614,NORMAL
2026-08-03 00:03:47,1.4032,2.7217,10.3547,0.152,1.1034,0.1546,NORMAL
2026-08-03 00:03:48,1.4604,2.7513,10.4866,0.1722,1.1164,0.1786,NORMAL
2026-08-03 00:03:49,1.4351,2.7345,10.3343,0.1674,1.1158,0.156,NORMAL
2026-08-03 00:03:50,1.4815,2.7587,10.3601,0.1756,1.1121,0.1711,NORMAL
2026-08-03 00:03:51,1.4352,2.7365,10.4092,0.1662,1.1111,0.1698,NORMAL
2026-08-03 00:03:53,1.4438,2.752,10.303,0.1572,1.1076,0.142,NORMAL
2026-08-03 00:03:54,1.4786,2.7798,10.3544,0.1582,1.112,0.1408,NORMAL
2026-08-03 00:03:55,1.3677,2.6984,10.3502,0.1459,1.1003,0.1383,NORMAL
2026-08-03 00:03:56,1.4675,2.7715,10.2609,0.1568,1.1088,0.1515,NORMAL
2026-08-03 00:03:57,1.3873,2.6842,10.3562,0.152,1.0889,0.1602,NORMAL
2026-08-03 00:03:58,1.3929,2.6811,10.2525,0.1467,1.0819,0.1608,NORMAL
2026-08-03 00:03:59,1.3947,2.7348,10.3199,0.1491,1.1148,0.1767,NORMAL
2026-08-03 00:04:00,1.3241,2.6717,10.2124,0.1305,1.0917,0.1346,NORMAL
2026-08-03 00:04:01,1.4251,2.745,10.3853,0.1618,1.116,0.1648,NORMAL
2026-08-03 00:04:02,1.3915,2.6771,10.2821,0.1537,1.0859,0.147,NORMAL
2026-08-03 00:04:03,1.435,2.6929,10.2903,0.1717,1.0906,0.1602,NORMAL
2026-08-03 00:04:04,1.4108,2.6883,10.3038,0.1565,1.0867,0.1584,NORMAL
2026-08-03 00:04:05,1.3705,2.6651,10.3569,0.1515,1.087,0.158,NORMAL
2026-08-03 00:04:06,1.4085,2.706,10.3117,0.1503,1.0926,0.1403,NORMAL
2026-08-03 00:04:07,1.296,2.6586,10.3112,0.1464,1.1041,0.1559,NORMAL
2026-08-03 00:04:08,1.2981,2.6561,10.2579,0.1404,1.0996,0.1502,NORMAL
2026-08-03 00:04:09,1.407,2.7017,10.3279,0.1635,1.0988,0.1509,NORMAL
2026-08-03 00:04:10,1.3613,2.6992,10.3195,0.1488,1.1089,0.1437,NORMAL
2026-08-03 00:04:11,1.362,2.6995,10.2711,0.143,1.0996,0.1274,NORMAL
2026-08-03 00:04:12,1.3901,2.6806,10.2706,0.157,1.0897,0.1445,NORMAL
2026-08-03 00:04:13,1.3334,2.6544,10.2042,0.14,1.0834,0.1386,NORMAL
2026-08-03 00:04:14,1.3566,2.6616,10.1968,0.1389,1.0813,0.1271,NORMAL
2026-08-03 00:04:15,1.3373,2.6862,10.184,0.1338,1.0961,0.1547,NORMAL
2026-08-03 00:04:16,1.3019,2.6894,10.3557,0.1223,1.0974,0.1396,NORMAL
2026-08-03 00:04:17,1.4106,2.693,10.2111,0.1585,1.0889,0.1699,NORMAL
2026-08-03 00:04:18,1.3429,2.6956,10.2791,0.1162,1.0862,0.1336,NORMAL
2026-08-03 00:04:19,1.2695,2.6004,10.2224,0.1271,1.069,0.1499,NORMAL
2026-08-03 00:04:20,1.3395,2.6344,10.2842,0.152,1.08,0.1356,NORMAL
2026-08-03 00:04:21,1.3271,2.6918,10.2401,0.1184,1.0898,0.1391,NORMAL
2026-08-03 00:04:22,1.4132,2.7066,10.2151,0.1528,1.0937,0.1614,NORMAL
2026-08-03 00:04:23,1.343,2.7012,10.2767,0.1383,1.1047,0.1555,NORMAL
2026-08-03 00:04:24,1.2818,2.6293,10.2122,0.135,1.0863,0.1322,NORMAL
2026-08-03 00:04:25,1.3935,2.7057,10.2301,0.1564,1.1002,0.1301,NORMAL
2026-08-03 00:04:26,1.3508,2.64,10.3179,0.1409,1.0743,0.1392,NORMAL
2026-08-03 00:04:27,1.2931,2.5957,10.3148,0.1413,1.0694,0.1466,NORMAL
2026-08-03 00:04:28,1.3869,2.6972,10.3537,0.1402,1.0879,0.149,NORMAL
2026-08-03 00:04:30,1.3414,2.6741,10.2643,0.1247,1.0797,0.136,NORMAL
2026-08-03 00:04:31,1.3118,2.6437,10.185,0.1206,1.073,0.1326,NORMAL
2026-08-03 00:04:32,1.2911,2.6039,10.1896,0.1122,1.0517,0.1222,NORMAL
2026-08-03 00:04:33,1.303,2.6456,10.2543,0.1338,1.0899,0.1386,NORMAL
2026-08-03 00:04:35,1.3551,2.6759,10.2829,0.1369,1.0866,0.1286,NORMAL
2026-08-03 00:04:36,1.3403,2.6573,10.2944,0.1378,1.0831,0.1433,NORMAL
2026-08-03 00:04:38,1.3424,2.6426,10.2568,0.1346,1.0691,0.1311,NORMAL
2026-08-03 00:04:39,1.2942,2.6151,10.1555,0.1144,1.0616,0.1053,NORMAL
2026-08-03 00:04:40,1.2329,2.5947,10.1993,0.1131,1.0688,0.1261,NORMAL
2026-08-03 00:04:41,1.2697,2.634,10.0807,0.1046,1.0697,0.1279,NORMAL
2026-08-03 00:04:42,1.2096,2.5773,10.1305,0.0934,1.0505,0.117,NORMAL
2026-08-03 00:04:43,1.3243,2.6471,10.2551,0.1437,1.0873,0.1134,NORMAL
2026-08-03 00:04:44,1.2675,2.5784,10.1336,0.1239,1.0514,0.1374,NORMAL
2026-08-03 00:04:45,1.2945,2.634,10.164,0.1289,1.0788,0.1231,NORMAL
2026-08-03 00:04:46,1.2656,2.6052,10.2119,0.1314,1.0759,0.1444,NORMAL
2026-08-03 00:04:47,1.3823,2.685,10.2022,0.122,1.0685,0.1189,NORMAL
2026-08-03 00:04:48,1.4082,2.6746,10.0776,0.1309,1.0602,0.1262,NORMAL
2026-08-03 00:04:49,1.2014,2.6244,10.2153,0.1122,1.0957,0.1341,NORMAL
2026-08-03 00:04:50,1.2654,2.5934,10.0672,0.1094,1.0613,0.1036,NORMAL
2026-08-03 00:04:51,1.2967,2.6305,10.1779,0.1206,1.0726,0.1254,NORMAL
2026-08-03 00:04:52,1.2969,2.6755,10.1969,0.1205,1.0968,0.1335,NORMAL
2026-08-03 00:04:53,1.312,2.6292,10.037,0.1249,1.0676,0.1287,NORMAL
2026-08-03 00:04:54,1.309,2.668,10.0942,0.1184,1.0822,0.1305,NORMAL
2026-08-03 00:04:55,1.2512,2.6071,10.2123,0.1127,1.071,0.1213,NORMAL
2026-08-03 00:04:56,1.2464,2.6098,10.2327,0.1083,1.0684,0.1077,NORMAL
2026-08-03 00:04:58,1.251,2.6141,10.1021,0.1129,1.0696,0.1236,NORMAL
2026-08-03 00:04:59,1.1939,2.5533,10.1766,0.1101,1.0585,0.114,NORMAL
2026-08-03 00:05:00,1.3021,2.6256,10.1652,0.1228,1.0659,0.1195,NORMAL
2026-08-03 00:05:01,1.2996,2.6295,10.1822,0.1097,1.0626,0.1069,NORMAL
2026-08-03 00:05:02,1.3123,2.6051,10.2034,0.1431,1.0713,0.1218,NORMAL
2026-08-03 00:05:03,1.2974,2.6476,10.259,0.1338,1.0895,0.1285,NORMAL
2026-08-03 00:05:04,1.2852,2.5898,10.1891,0.1187,1.049,0.1107,NORMAL
2026-08-03 00:05:05,1.2198,2.5661,10.1301,0.109,1.0544,0.09,NORMAL
2026-08-03 00:05:07,1.2179,2.5606,10.2016,0.1024,1.0457,0.0922,NORMAL
2026-08-03 00:05:08,1.2914,2.5855,10.1806,0.1217,1.051,0.1289,NORMAL
2026-08-03 00:05:09,1.2197,2.5865,10.1018,0.1033,1.0634,0.1169,NORMAL
2026-08-03 00:05:10,1.2037,2.6011,10.1529,0.096,1.0694,0.1085,NORMAL
2026-08-03 00:05:11,1.2719,2.5921,10.2695,0.1263,1.0589,0.1249,NORMAL
2026-08-03 00:05:12,1.2516,2.5864,10.0682,0.1052,1.051,0.0882,NORMAL
2026-08-03 00:05:13,1.2785,2.6037,10.169,0.1145,1.0605,0.1244,NORMAL
2026-08-03 00:05:14,1.2052,2.5638,10.074,0.0973,1.049,0.1196,NORMAL
2026-08-03 00:05:15,1.2068,2.551,10.1447,0.0853,1.0323,0.0854,NORMAL
2026-08-03 00:05:16,1.24,2.5862,10.1746,0.1178,1.0633,0.1265,NORMAL
2026-08-03 00:05:18,1.1742,2.521,10.1335,0.119,1.0521,0.1172,NORMAL
2026-08-03 00:05:19,1.2162,2.5848,10.2439,0.1323,1.0841,0.1168,NORMAL
2026-08-03 00:05:20,1.2042,2.5662,10.1829,0.1133,1.0658,0.124,NORMAL
2026-08-03 00:05:21,1.2856,2.6129,10.2408,0.1342,1.0766,0.1219,NORMAL
2026-08-03 00:05:22,1.2449,2.5961,10.2159,0.1068,1.0644,0.1205,NORMAL
2026-08-03 00:05:23,1.2714,2.6408,10.2271,0.1065,1.0735,0.1348,NORMAL
2026-08-03 00:05:24,1.2191,2.5739,10.1671,0.1093,1.0583,0.1233,NORMAL
2026-08-03 00:05:25,1.2927,2.6524,10.149,0.1452,1.1001,0.1226,NORMAL
2026-08-03 00:05:26,1.1694,2.5441,10.1994,0.0914,1.0481,0.1111,NORMAL
2026-08-03 00:05:27,1.228,2.5776,10.2684,0.1324,1.0774,0.1325,NORMAL
2026-08-03 00:05:28,1.2624,2.5929,10.2355,0.1113,1.0557,0.0981,NORMAL
2026-08-03 00:05:30,1.2582,2.6442,10.1727,0.1125,1.0871,0.1237,NORMAL
2026-08-03 00:05:31,1.2893,2.6272,10.2301,0.1262,1.0759,0.13,NORMAL
2026-08-03 00:05:32,1.2682,2.6015,10.2171,0.149,1.0862,0.133,NORMAL
2026-08-03 00:05:33,1.3262,2.6297,10.214,0.1352,1.0699,0.1288,NORMAL
2026-08-03 00:05:34,1.265,2.625,10.2017,0.1356,1.0931,0.1286,NORMAL
2026-08-03 00:05:36,1.2433,2.6028,10.3222,0.1209,1.0777,0.1452,NORMAL
2026-08-03 00:05:37,1.2038,2.5858,10.187,0.113,1.0729,0.1323,NORMAL
2026-08-03 00:05:38,1.2823,2.6021,10.2369,0.1378,1.0719,0.1451,NORMAL
2026-08-03 00:05:39,1.317,2.6796,10.2093,0.1315,1.0988,0.1561,NORMAL
2026-08-03 00:05:40,1.2601,2.5852,10.1763,0.1273,1.0681,0.133,NORMAL
2026-08-03 00:05:41,1.3393,2.6446,10.2152,0.1372,1.0752,0.1349,NORMAL
2026-08-03 00:05:42,1.2136,2.5964,10.2526,0.1229,1.0851,0.1271,NORMAL
2026-08-03 00:05:44,1.3381,2.6584,10.2775,0.1441,1.0885,0.1397,NORMAL
2026-08-03 00:05:45,1.2915,2.625,10.1312,0.1264,1.0759,0.1143,NORMAL
2026-08-03 00:05:46,1.3084,2.6502,10.2319,0.1343,1.0868,0.1386,NORMAL
2026-08-03 00:05:47,1.3038,2.6153,10.1737,0.1269,1.0661,0.1282,NORMAL
2026-08-03 00:05:48,1.2718,2.6155,10.2335,0.1158,1.0713,0.1284,NORMAL
2026-08-03 00:05:49,1.3576,2.7015,10.2397,0.1399,1.0989,0.1202,NORMAL
2026-08-03 00:05:51,1.2537,2.5953,10.2554,0.1422,1.0804,0.1157,NORMAL
2026-08-03 00:05:52,1.1909,2.5638,10.2621,0.1291,1.0791,0.1249,NORMAL
2026-08-03 00:05:53,1.242,2.5802,10.2207,0.1174,1.0622,0.1275,NORMAL
2026-08-03 00:05:54,1.281,2.6587,10.2366,0.1299,1.0956,0.1234,NORMAL
2026-08-03 00:05:55,1.3237,2.6581,10.4061,0.142,1.093,0.1467,NORMAL
2026-08-03 00:05:56,1.2948,2.6181,10.3214,0.1332,1.0756,0.1322,NORMAL
2026-08-03 00:05:57,1.3022,2.629,10.2481,0.133,1.0764,0.1202,NORMAL
2026-08-03 00:05:58,1.3262,2.6636,10.1646,0.1383,1.0897,0.1329,NORMAL
2026-08-03 00:05:59,1.3267,2.6227,10.4091,0.1604,1.0821,0.1657,NORMAL
2026-08-03 00:06:00,1.3786,2.6854,10.2639,0.161,1.1012,0.1648,NORMAL
2026-08-03 00:06:01,1.286,2.6344,10.1285,0.1263,1.0787,0.1356,NORMAL
2026-08-03 00:06:02,1.2737,2.6477,10.2479,0.1409,1.1033,0.1708,NORMAL
2026-08-03 00:06:03,1.3398,2.6515,10.2065,0.1383,1.079,0.1394,NORMAL
2026-08-03 00:06:04,1.3736,2.6845,10.2514,0.1536,1.0964,0.1538,NORMAL
2026-08-03 00:06:05,1.383,2.6851,10.2731,0.1454,1.088,0.1506,NORMAL
2026-08-03 00:06:06,1.3449,2.6309,10.2483,0.1558,1.0782,0.1489,NORMAL
2026-08-03 00:06:07,1.2576,2.6299,10.2531,0.1306,1.095,0.1474,NORMAL
2026-08-03 00:06:08,1.3052,2.6218,10.2151,0.1398,1.077,0.1297,NORMAL
2026-08-03 00:06:09,1.3081,2.6297,10.3184,0.1696,1.1001,0.1596,NORMAL
2026-08-03 00:06:10,1.2518,2.5894,10.2665,0.1374,1.076,0.1442,NORMAL
2026-08-03 00:06:11,1.3572,2.6677,10.3342,0.1582,1.0979,0.1663,NORMAL
2026-08-03 00:06:12,1.2732,2.6648,10.2966,0.1433,1.1117,0.1493,NORMAL
2026-08-03 00:06:14,1.3518,2.6776,10.1449,0.1541,1.0984,0.157,NORMAL
2026-08-03 00:06:15,1.3433,2.7006,10.4026,0.1422,1.1091,0.154,NORMAL
2026-08-03 00:06:16,1.3079,2.6791,10.3305,0.1606,1.125,0.1653,NORMAL
2026-08-03 00:06:17,1.2594,2.6081,10.3438,0.1441,1.0884,0.1432,NORMAL
2026-08-03 00:06:18,1.3017,2.6691,10.2817,0.1531,1.1138,0.1612,NORMAL
2026-08-03 00:06:19,1.3077,2.6505,10.3809,0.1608,1.1045,0.1742,NORMAL
2026-08-03 00:06:20,1.3696,2.712,10.3729,0.1568,1.1151,0.1721,NORMAL
2026-08-03 00:06:21,1.3716,2.7243,10.3282,0.1551,1.1215,0.1563,NORMAL
2026-08-03 00:06:22,1.3496,2.6987,10.3923,0.163,1.119,0.1588,NORMAL
2026-08-03 00:06:23,1.4029,2.7417,10.4918,0.1588,1.1231,0.1677,NORMAL
2026-08-03 00:06:24,1.4042,2.7467,10.4077,0.1576,1.1223,0.1775,NORMAL
2026-08-03 00:06:25,1.3431,2.6548,10.376,0.151,1.0902,0.1649,NORMAL
2026-08-03 00:06:26,1.3999,2.7531,10.3078,0.1553,1.1234,0.1688,NORMAL
2026-08-03 00:06:27,1.3707,2.6985,10.4598,0.1414,1.0965,0.147,NORMAL
2026-08-03 00:06:28,1.4173,2.6892,10.2664,0.1717,1.0947,0.1781,NORMAL
2026-08-03 00:06:29,1.3386,2.718,10.3876,0.1574,1.135,0.1768,NORMAL
2026-08-03 00:06:30,1.4186,2.7181,10.3325,0.1742,1.114,0.1535,NORMAL
2026-08-03 00:06:31,1.4692,2.7706,10.3486,0.1686,1.1204,0.1645,NORMAL
2026-08-03 00:06:32,1.4145,2.7178,10.3259,0.1743,1.1136,0.1775,NORMAL
2026-08-03 00:06:33,1.4013,2.7251,10.3885,0.1791,1.1275,0.1859,NORMAL
2026-08-03 00:06:34,1.3886,2.7287,10.259,0.1561,1.1179,0.1591,NORMAL
2026-08-03 00:06:36,1.3627,2.7074,10.3478,0.1634,1.1193,0.18,NORMAL
2026-08-03 00:06:37,1.4677,2.7764,10.34,0.1809,1.1324,0.1905,NORMAL
2026-08-03 00:06:38,1.4214,2.7293,10.404,0.1855,1.128,0.1772,NORMAL
2026-08-03 00:06:39,1.4169,2.7445,10.4001,0.1692,1.1245,0.1688,NORMAL
2026-08-03 00:06:40,1.3724,2.6783,10.4697,0.1601,1.0999,0.1812,NORMAL
2026-08-03 00:06:41,1.3488,2.6925,10.4615,0.1702,1.1208,0.1798,NORMAL
2026-08-03 00:06:42,1.3359,2.7009,10.4559,0.1742,1.131,0.1853,NORMAL
2026-08-03 00:06:43,1.4632,2.7567,10.4422,0.1843,1.1255,0.1809,NORMAL
2026-08-03 00:06:44,1.4663,2.7691,10.3689,0.183,1.1337,0.1657,NORMAL
2026-08-03 00:06:45,1.4785,2.7792,10.3696,0.1899,1.1366,0.2133,NORMAL
2026-08-03 00:06:46,1.445,2.7891,10.4408,0.1708,1.1366,0.1696,NORMAL
2026-08-03 00:06:48,1.3597,2.7176,10.3856,0.172,1.1347,0.1863,NORMAL
2026-08-03 00:06:49,1.3977,2.7436,10.4112,0.1729,1.1353,0.1942,NORMAL
2026-08-03 00:06:50,1.4103,2.7136,10.3589,0.1864,1.1243,0.1772,NORMAL
2026-08-03 00:06:51,1.362,2.6867,10.4527,0.1837,1.1256,0.1838,NORMAL
2026-08-03 00:06:52,1.4014,2.7597,10.4463,0.1839,1.1478,0.1725,NORMAL
2026-08-03 00:06:53,1.4318,2.763,10.3917,0.1807,1.1357,0.1949,NORMAL
2026-08-03 00:06:54,1.3609,2.7119,10.5389,0.1815,1.1356,0.1974,NORMAL
2026-08-03 00:06:55,1.4791,2.812,10.4834,0.1742,1.1473,0.1966,NORMAL
2026-08-03 00:06:56,1.3738,2.7284,10.3494,0.1594,1.1249,0.1707,NORMAL
2026-08-03 00:06:57,1.455,2.7959,10.3594,0.1969,1.1583,0.1882,NORMAL
2026-08-03 00:06:58,1.4457,2.7798,10.397,0.1771,1.1366,0.1808,NORMAL
2026-08-03 00:06:59,1.444,2.733,10.4575,0.1863,1.1223,0.1758,NORMAL
2026-08-03 00:07:00,1.4514,2.7622,10.4357,0.1782,1.1273,0.1846,NORMAL
2026-08-03 00:07:01,1.4919,2.7933,10.4316,0.2002,1.1515,0.2065,NORMAL
2026-08-03 00:07:02,1.374,2.7551,10.4169,0.1723,1.1506,0.1758,NORMAL
2026-08-03 00:07:03,1.479,2.7511,10.4111,0.1942,1.122,0.1963,NORMAL
2026-08-03 00:07:05,1.4693,2.77,10.4221,0.1797,1.1285,0.1715,NORMAL
2026-08-03 00:07:06,1.4463,2.7643,10.4081,0.1757,1.1273,0.1684,NORMAL
2026-08-03 00:07:07,1.4491,2.7702,10.4138,0.1936,1.146,0.1827,NORMAL
2026-08-03 00:07:08,1.5428,2.8331,10.4842,0.1936,1.1462,0.1944,NORMAL
2026-08-03 00:07:09,1.4315,2.7592,10.4494,0.1654,1.1265,0.1881,NORMAL
2026-08-03 00:07:11,1.4196,2.7193,10.4555,0.1844,1.1224,0.1972,NORMAL
2026-08-03 00:07:12,1.4409,2.7789,10.4883,0.1817,1.1456,0.2013,NORMAL
2026-08-03 00:07:14,1.4487,2.7659,10.439,0.1791,1.1313,0.2061,NORMAL
2026-08-03 00:07:16,1.5118,2.8177,10.3925,0.1919,1.1449,0.2042,NORMAL
2026-08-03 00:07:17,1.4351,2.7916,10.3998,0.1797,1.1492,0.2063,NORMAL
2026-08-03 00:07:18,1.4235,2.7415,10.4494,0.1804,1.1287,0.1782,NORMAL
2026-08-03 00:07:19,1.4997,2.7843,10.4528,0.1966,1.1395,0.1997,NORMAL
2026-08-03 00:07:20,1.3833,2.693,10.3224,0.1631,1.1049,0.1664,NORMAL
2026-08-03 00:07:22,1.4744,2.7867,10.3446,0.1759,1.129,0.1815,NORMAL
2026-08-03 00:07:23,1.4753,2.7796,10.3912,0.1807,1.1299,0.1857,NORMAL
2026-08-03 00:07:24,1.4901,2.7951,10.4349,0.1772,1.1346,0.1984,NORMAL
2026-08-03 00:07:25,1.4378,2.7786,10.4412,0.1963,1.156,0.1965,NORMAL
2026-08-03 00:07:26,1.46,2.7709,10.4319,0.1869,1.1406,0.1818,NORMAL
2026-08-03 00:07:28,1.4931,2.818,10.4007,0.1925,1.1546,0.1977,NORMAL
2026-08-03 00:07:29,1.463,2.7777,10.3573,0.2067,1.1535,0.1871,NORMAL
2026-08-03 00:07:30,1.5119,2.8001,10.4243,0.1862,1.1324,0.1892,NORMAL
2026-08-03 00:07:31,1.4417,2.777,10.3017,0.1697,1.1322,0.1827,NORMAL
2026-08-03 00:07:32,1.4407,2.7853,10.4297,0.1687,1.1358,0.1901,NORMAL
2026-08-03 00:07:33,1.4893,2.7536,10.3363,0.1924,1.1201,0.1979,NORMAL
2026-08-03 00:07:34,1.5891,2.8233,10.4631,0.1826,1.1149,0.1938,NORMAL
2026-08-03 00:07:35,1.4511,2.7428,10.31,0.1582,1.1048,0.1771,NORMAL
2026-08-03 00:07:36,1.5668,2.867,10.4479,0.198,1.1543,0.1991,NORMAL
2026-08-03 00:07:37,1.4428,2.7822,10.3247,0.159,1.1345,0.1742,NORMAL
2026-08-03 00:07:38,1.4877,2.7859,10.4127,0.1878,1.1338,0.1935,NORMAL
2026-08-03 00:07:39,1.4826,2.7821,10.2947,0.1631,1.1199,0.1644,NORMAL
2026-08-03 00:07:40,1.4642,2.7606,10.3694,0.1776,1.1256,0.191,NORMAL
2026-08-03 00:07:41,1.4394,2.7442,10.3571,0.1745,1.1201,0.1896,NORMAL
2026-08-03 00:07:42,1.4783,2.7602,10.4996,0.1793,1.1181,0.194,NORMAL
2026-08-03 00:07:43,1.6261,2.8899,10.5157,0.1838,1.1403,0.1627,NORMAL
2026-08-03 00:07:44,1.4869,2.8424,10.4228,0.1757,1.1551,0.1814,NORMAL
2026-08-03 00:07:45,1.4991,2.7744,10.407,0.1818,1.121,0.1886,NORMAL
2026-08-03 00:07:46,1.5412,2.7935,10.4346,0.1789,1.1149,0.1821,NORMAL
2026-08-03 00:07:47,1.4952,2.7886,10.4394,0.1693,1.1202,0.1678,NORMAL
2026-08-03 00:07:48,1.5771,2.8391,10.4662,0.2095,1.1481,0.2022,NORMAL
2026-08-03 00:07:49,1.5313,2.8338,10.3704,0.1822,1.1429,0.1892,NORMAL
2026-08-03 00:07:50,1.5247,2.7636,10.3037,0.1864,1.1142,0.183,NORMAL
2026-08-03 00:07:51,1.4189,2.7443,10.3227,0.17,1.1228,0.1794,NORMAL
2026-08-03 00:07:52,1.4925,2.8224,10.4626,0.1875,1.1514,0.1929,NORMAL
2026-08-03 00:07:53,1.4801,2.7944,10.3822,0.1675,1.1288,0.1786,NORMAL
2026-08-03 00:07:54,1.5222,2.8072,10.3867,0.1723,1.1221,0.1838,NORMAL
2026-08-03 00:07:55,1.4458,2.7628,10.3465,0.1689,1.1222,0.1907,NORMAL
2026-08-03 00:07:56,1.4985,2.7903,10.4368,0.1689,1.1195,0.1743,NORMAL
2026-08-03 00:07:57,1.4838,2.7808,10.3223,0.1482,1.1051,0.1717,NORMAL
2026-08-03 00:07:58,1.4948,2.7824,10.3959,0.1772,1.1254,0.1757,NORMAL
2026-08-03 00:07:59,1.4421,2.7403,10.2339,0.151,1.1019,0.1603,NORMAL
2026-08-03 00:08:00,1.4832,2.7873,10.4953,0.1752,1.1275,0.1986,NORMAL
2026-08-03 00:08:01,1.5061,2.7786,10.3855,0.162,1.1042,0.1663,NORMAL
2026-08-03 00:08:02,1.5014,2.7766,10.3446,0.1641,1.1063,0.1856,NORMAL
2026-08-03 00:08:03,1.522,2.8007,10.3053,0.1616,1.1131,0.1654,NORMAL
2026-08-03 00:08:04,1.4886,2.7843,10.3733,0.1647,1.1157,0.1633,NORMAL
2026-08-03 00:08:05,1.4658,2.7625,10.3378,0.1662,1.1141,0.1948,NORMAL
2026-08-03 00:08:06,1.5013,2.7902,10.4504,0.1662,1.1174,0.1717,NORMAL
2026-08-03 00:08:07,1.5119,2.7669,10.2898,0.168,1.1022,0.1623,NORMAL
2026-08-03 00:08:08,1.4607,2.7749,10.382,0.1475,1.1084,0.153,NORMAL
2026-08-03 00:08:09,1.4383,2.7534,10.2558,0.1496,1.1084,0.1613,NORMAL
2026-08-03 00:08:10,1.4954,2.7744,10.3592,0.1558,1.1034,0.1718,NORMAL
2026-08-03 00:08:11,1.4769,2.7678,10.2402,0.135,1.0894,0.1641,NORMAL
2026-08-03 00:08:12,1.5315,2.8342,10.2583,0.1578,1.1229,0.1613,NORMAL
2026-08-03 00:08:13,1.5037,2.7891,10.3389,0.1628,1.1159,0.1629,NORMAL
2026-08-03 00:08:14,1.4501,2.7368,10.3822,0.1481,1.0935,0.1392,NORMAL
2026-08-03 00:08:15,1.5212,2.7898,10.2596,0.1617,1.1037,0.1689,NORMAL
2026-08-03 00:08:16,1.4702,2.7284,10.2879,0.1378,1.0775,0.1593,NORMAL
2026-08-03 00:08:17,1.5491,2.8298,10.3186,0.147,1.1066,0.1556,NORMAL
2026-08-03 00:08:18,1.5361,2.7946,10.3317,0.1453,1.0935,0.1537,NORMAL
2026-08-03 00:08:19,1.4491,2.7481,10.211,0.1322,1.0851,0.1629,NORMAL
2026-08-03 00:08:20,1.4554,2.7718,10.2273,0.1421,1.1022,0.1371,NORMAL
2026-08-03 00:08:21,1.4822,2.7559,10.3019,0.1417,1.0883,0.1364,NORMAL
2026-08-03 00:08:22,1.4844,2.7316,10.3825,0.1555,1.0887,0.1422,NORMAL
2026-08-03 00:08:23,1.5367,2.8506,10.3568,0.1495,1.1236,0.1625,NORMAL
2026-08-03 00:08:24,1.467,2.7713,10.3289,0.1411,1.1035,0.157,NORMAL
2026-08-03 00:08:25,1.5427,2.8014,10.2883,0.1443,1.0881,0.1382,NORMAL
2026-08-03 00:08:26,1.3843,2.6875,10.2612,0.1281,1.0764,0.1401,NORMAL
2026-08-03 00:08:27,1.5115,2.7808,10.3106,0.1512,1.0979,0.1589,NORMAL
2026-08-03 00:08:28,1.5303,2.7697,10.3436,0.1493,1.0839,0.1412,NORMAL
2026-08-03 00:08:29,1.5477,2.7649,10.3225,0.1569,1.0797,0.1533,NORMAL
2026-08-03 00:08:30,1.5253,2.7938,10.172,0.1417,1.0897,0.1249,NORMAL
2026-08-03 00:08:31,1.4874,2.7751,10.1644,0.1496,1.1036,0.1486,NORMAL
2026-08-03 00:08:32,1.5173,2.7496,10.3953,0.1439,1.0756,0.1512,NORMAL
2026-08-03 00:08:33,1.546,2.7929,10.27,0.1656,1.1021,0.1684,NORMAL
2026-08-03 00:08:34,1.482,2.7691,10.3022,0.1395,1.0936,0.1404,NORMAL
2026-08-03 00:08:35,1.5062,2.7828,10.146,0.1336,1.09,0.1316,NORMAL
2026-08-03 00:08:36,1.5006,2.791,10.2483,0.1339,1.0968,0.1227,NORMAL
2026-08-03 00:08:37,1.434,2.7417,10.2171,0.1313,1.0891,0.1386,NORMAL
2026-08-03 00:08:38,1.5177,2.7796,10.2042,0.1371,1.0844,0.1297,NORMAL
2026-08-03 00:08:39,1.4659,2.7531,10.1243,0.1248,1.0831,0.1107,NORMAL
2026-08-03 00:08:40,1.5221,2.7803,10.2522,0.1298,1.0828,0.1561,NORMAL
2026-08-03 00:08:41,1.4181,2.7367,10.2133,0.1095,1.0748,0.1168,NORMAL
2026-08-03 00:08:42,1.5329,2.8132,10.2755,0.1419,1.1032,0.144,NORMAL
2026-08-03 00:08:43,1.4453,2.709,10.2469,0.1216,1.0621,0.1276,NORMAL
2026-08-03 00:08:44,1.4992,2.8231,10.2498,0.1166,1.1007,0.1264,NORMAL
2026-08-03 00:08:45,1.4444,2.7524,10.2339,0.1038,1.0688,0.1258,NORMAL
2026-08-03 00:08:46,1.5321,2.8071,10.3005,0.1426,1.1018,0.1524,NORMAL
2026-08-03 00:08:47,1.5096,2.7767,10.2259,0.112,1.0655,0.1262,NORMAL
2026-08-03 00:08:48,1.5535,2.793,10.2346,0.1483,1.0854,0.136,NORMAL
2026-08-03 00:08:49,1.561,2.8087,10.3213,0.1418,1.0861,0.1644,NORMAL
2026-08-03 00:08:50,1.4909,2.7588,10.0392,0.1185,1.0663,0.1157,NORMAL
2026-08-03 00:08:52,1.4729,2.7406,10.2243,0.1156,1.0621,0.1334,NORMAL
2026-08-03 00:08:53,1.5529,2.807,10.1567,0.1181,1.0715,0.1209,NORMAL
2026-08-03 00:08:54,1.5638,2.8128,10.1478,0.112,1.0662,0.1152,NORMAL
2026-08-03 00:08:55,1.5064,2.7886,10.2245,0.1202,1.0822,0.1295,NORMAL
2026-08-03 00:08:56,1.5184,2.7592,10.2007,0.1314,1.0697,0.1195,NORMAL
2026-08-03 00:08:57,1.4628,2.7548,10.1303,0.1309,1.0841,0.1422,NORMAL
2026-08-03 00:08:58,1.5776,2.7902,10.1828,0.1239,1.0619,0.1255,NORMAL
2026-08-03 00:08:59,1.5041,2.79,10.2092,0.1065,1.0687,0.1298,NORMAL
2026-08-03 00:09:00,1.4865,2.7598,10.2023,0.1235,1.074,0.131,NORMAL
2026-08-03 00:09:01,1.5401,2.801,10.1637,0.1268,1.0778,0.124,NORMAL
2026-08-03 00:09:02,1.5589,2.8209,10.1964,0.1247,1.0829,0.1323,NORMAL
2026-08-03 00:09:03,1.5201,2.7548,10.2269,0.1216,1.0578,0.1183,NORMAL
2026-08-03 00:09:04,1.476,2.7453,10.119,0.0943,1.0511,0.1099,NORMAL
2026-08-03 00:09:05,1.6078,2.8123,10.0902,0.1145,1.0534,0.0992,NORMAL
2026-08-03 00:09:06,1.4973,2.7487,10.158,0.1187,1.0592,0.1129,NORMAL
2026-08-03 00:09:07,1.4895,2.7782,10.1782,0.1024,1.0673,0.108,NORMAL
2026-08-03 00:09:08,1.5461,2.7798,10.1533,0.113,1.056,0.093,NORMAL
2026-08-03 00:09:09,1.5489,2.7658,10.2153,0.1119,1.0469,0.1291,NORMAL
2026-08-03 00:09:10,1.5989,2.8455,10.188,0.1078,1.0645,0.1397,NORMAL
2026-08-03 00:09:11,1.5088,2.7603,10.2223,0.1133,1.0546,0.1125,NORMAL
2026-08-03 00:09:12,1.4812,2.7523,10.1658,0.1209,1.0697,0.1142,NORMAL
2026-08-03 00:09:14,1.5292,2.7751,10.1418,0.1135,1.0637,0.1131,NORMAL
2026-08-03 00:09:15,1.5199,2.8015,10.0798,0.1165,1.0792,0.0996,NORMAL
2026-08-03 00:09:16,1.5681,2.7799,10.2189,0.1165,1.0507,0.1258,NORMAL
2026-08-03 00:09:17,1.5082,2.8094,10.1585,0.1096,1.0821,0.1208,NORMAL
2026-08-03 00:09:18,1.591,2.7997,10.1133,0.1376,1.0687,0.1293,NORMAL
2026-08-03 00:09:19,1.47,2.7211,10.1688,0.0989,1.0402,0.096,NORMAL
2026-08-03 00:09:20,1.4544,2.7478,10.1416,0.1047,1.0643,0.1046,NORMAL
2026-08-03 00:09:21,1.6213,2.8038,10.139,0.1308,1.0561,0.1266,NORMAL
2026-08-03 00:09:22,1.5326,2.7868,10.206,0.1306,1.0785,0.1403,NORMAL
2026-08-03 00:09:23,1.5678,2.8003,10.235,0.1137,1.06,0.1121,NORMAL
2026-08-03 00:09:24,1.5604,2.8076,10.2106,0.1186,1.0703,0.1253,NORMAL
2026-08-03 00:09:25,1.546,2.8067,10.2065,0.1179,1.0711,0.1325,NORMAL
2026-08-03 00:09:26,1.579,2.7827,10.2127,0.1109,1.0466,0.1059,NORMAL
2026-08-03 00:09:27,1.5152,2.712,10.241,0.115,1.0335,0.1019,NORMAL
2026-08-03 00:09:28,1.6168,2.8295,10.1241,0.1287,1.0675,0.1378,NORMAL
2026-08-03 00:09:29,1.564,2.8032,10.1233,0.1069,1.0551,0.1089,NORMAL
2026-08-03 00:09:30,1.5263,2.75,10.182,0.1191,1.0538,0.11,NORMAL
2026-08-03 00:09:31,1.5532,2.8133,10.2221,0.1065,1.0652,0.1151,NORMAL
2026-08-03 00:09:32,1.4971,2.7444,10.1759,0.1185,1.055,0.1328,NORMAL
2026-08-03 00:09:33,1.5416,2.7268,10.1996,0.1198,1.0374,0.1095,NORMAL
2026-08-03 00:09:34,1.5049,2.7885,10.218,0.1048,1.0722,0.1019,NORMAL
2026-08-03 00:09:35,1.5384,2.7822,10.1682,0.1103,1.0578,0.1193,NORMAL
2026-08-03 00:09:36,1.5249,2.77,10.2915,0.131,1.0724,0.1203,NORMAL
2026-08-03 00:09:37,1.5594,2.8067,10.1694,0.1255,1.0758,0.1197,NORMAL
2026-08-03 00:09:38,1.5535,2.7839,10.1961,0.105,1.0509,0.1163,NORMAL
2026-08-03 00:09:39,1.4899,2.7346,10.2664,0.1129,1.0541,0.1274,NORMAL
2026-08-03 00:09:40,1.5414,2.7859,10.0954,0.1193,1.063,0.1131,NORMAL
2026-08-03 00:09:41,1.5443,2.8069,10.1702,0.1017,1.0632,0.1218,NORMAL
2026-08-03 00:09:42,1.5282,2.7793,10.1709,0.0942,1.0468,0.1255,NORMAL
2026-08-03 00:09:43,1.5927,2.8514,10.2039,0.1127,1.0774,0.1235,NORMAL
2026-08-03 00:09:44,1.5127,2.7718,10.1665,0.1104,1.063,0.1143,NORMAL
2026-08-03 00:09:45,1.5433,2.7726,10.1585,0.1127,1.0513,0.0987,NORMAL
2026-08-03 00:09:46,1.5407,2.8309,10.2084,0.1223,1.0916,0.1147,NORMAL
2026-08-03 00:09:47,1.5965,2.8552,10.2438,0.119,1.0816,0.1219,NORMAL
2026-08-03 00:09:48,1.5705,2.7974,10.1752,0.1204,1.0612,0.113,NORMAL
2026-08-03 00:09:49,1.5768,2.8443,10.2178,0.1247,1.0878,0.12,NORMAL
2026-08-03 00:09:50,1.5713,2.816,10.2971,0.1198,1.0722,0.1304,NORMAL
2026-08-03 00:09:51,1.599,2.8573,10.3151,0.1315,1.0914,0.1332,NORMAL
2026-08-03 00:09:53,1.5933,2.8267,10.1476,0.1273,1.0737,0.1259,NORMAL
2026-08-03 00:09:54,1.5183,2.7643,10.2051,0.1167,1.0636,0.0994,NORMAL
2026-08-03 00:09:55,1.557,2.8395,10.1481,0.1147,1.0889,0.1215,NORMAL
2026-08-03 00:09:56,1.5749,2.815,10.2747,0.1253,1.0753,0.1187,NORMAL
2026-08-03 00:09:57,1.5875,2.8404,10.1709,0.108,1.0723,0.131,NORMAL
2026-08-03 00:09:58,1.5416,2.7741,10.2481,0.1188,1.0583,0.1237,NORMAL
2026-08-03 00:09:59,1.6001,2.8109,10.1794,0.1153,1.0564,0.1377,NORMAL
2026-08-03 00:10:00,1.6741,2.8856,10.1973,0.1382,1.0856,0.1531,NORMAL
2026-08-03 00:10:01,1.5976,2.8329,10.2748,0.1368,1.0828,0.1348,NORMAL
2026-08-03 00:10:02,1.5785,2.8504,10.1625,0.1206,1.0894,0.1245,NORMAL
2026-08-03 00:10:03,1.6803,2.8699,10.1812,0.1319,1.0686,0.1182,NORMAL
2026-08-03 00:10:04,1.5963,2.847,10.157,0.1308,1.0888,0.1443,NORMAL
2026-08-03 00:10:05,1.6248,2.8208,10.2062,0.1256,1.0599,0.1267,NORMAL
2026-08-03 00:10:06,1.6375,2.8498,10.1691,0.1332,1.0765,0.1524,NORMAL
2026-08-03 00:10:07,1.6114,2.8528,10.2134,0.1386,1.0878,0.1342,NORMAL
2026-08-03 00:10:08,1.5713,2.8294,10.2043,0.106,1.068,0.1192,NORMAL
2026-08-03 00:10:09,1.6578,2.9057,10.2663,0.1249,1.0889,0.1173,NORMAL
2026-08-03 00:10:10,1.6417,2.8717,10.2567,0.1374,1.0875,0.1535,NORMAL
2026-08-03 00:10:11,1.6383,2.8653,10.1288,0.1186,1.0716,0.1207,NORMAL
2026-08-03 00:10:12,1.6355,2.8779,10.3168,0.1575,1.1093,0.1415,NORMAL
2026-08-03 00:10:13,1.574,2.7865,10.2341,0.1348,1.0671,0.127,NORMAL
2026-08-03 00:10:14,1.697,2.8493,10.1772,0.1541,1.0681,0.1482,NORMAL
2026-08-03 00:10:15,1.5548,2.8388,10.3357,0.126,1.094,0.1475,NORMAL
2026-08-03 00:10:16,1.7043,2.9234,10.2629,0.1486,1.1027,0.142,NORMAL
2026-08-03 00:10:18,1.626,2.8557,10.211,0.1334,1.0853,0.1199,NORMAL
2026-08-03 00:10:19,1.6994,2.8835,10.2135,0.1508,1.0898,0.1446,NORMAL
2026-08-03 00:10:20,1.5743,2.8213,10.1922,0.1281,1.0788,0.1474,NORMAL
2026-08-03 00:10:21,1.6282,2.8713,10.2276,0.1368,1.0878,0.1552,NORMAL
2026-08-03 00:10:22,1.6274,2.8555,10.2913,0.1473,1.0953,0.1679,NORMAL
2026-08-03 00:10:23,1.6825,2.8916,10.3149,0.1556,1.0986,0.1488,NORMAL
2026-08-03 00:10:24,1.7296,2.9544,10.3587,0.1692,1.1256,0.1561,NORMAL
2026-08-03 00:10:25,1.7464,2.953,10.2773,0.1504,1.1062,0.1506,NORMAL
2026-08-03 00:10:26,1.6441,2.9053,10.2948,0.1419,1.1073,0.1305,NORMAL
2026-08-03 00:10:27,1.6014,2.8166,10.3499,0.1464,1.078,0.1515,NORMAL
2026-08-03 00:10:28,1.6146,2.8282,10.3076,0.1494,1.0825,0.157,NORMAL
2026-08-03 00:10:29,1.6883,2.9072,10.3061,0.1749,1.1203,0.1507,NORMAL
2026-08-03 00:10:30,1.7129,2.936,10.3332,0.1494,1.1071,0.1482,NORMAL
2026-08-03 00:10:31,1.6491,2.9108,10.3074,0.1243,1.0987,0.1403,NORMAL
2026-08-03 00:10:32,1.7456,2.9554,10.2975,0.155,1.1088,0.1599,NORMAL
2026-08-03 00:10:33,1.7079,2.9382,10.2936,0.1558,1.1143,0.1605,NORMAL
2026-08-03 00:10:34,1.6517,2.8863,10.3989,0.1571,1.1039,0.1566,NORMAL
2026-08-03 00:10:35,1.7572,2.9541,10.369,0.1611,1.1073,0.1778,NORMAL
2026-08-03 00:10:36,1.7456,2.9442,10.3106,0.1714,1.1193,0.1801,NORMAL
2026-08-03 00:10:37,1.7539,2.9436,10.3437,0.171,1.1129,0.1668,NORMAL
2026-08-03 00:10:38,1.6919,2.9306,10.3186,0.1636,1.1222,0.1606,NORMAL
2026-08-03 00:10:39,1.7313,2.8949,10.3079,0.1682,1.092,0.1715,NORMAL
2026-08-03 00:10:40,1.7259,2.9186,10.3977,0.1746,1.1106,0.1922,NORMAL
2026-08-03 00:10:41,1.7587,2.9936,10.4086,0.1674,1.1339,0.1867,NORMAL
2026-08-03 00:10:42,1.6332,2.9111,10.3783,0.1508,1.1268,0.1742,NORMAL
2026-08-03 00:10:43,1.6237,2.8619,10.4217,0.1669,1.1123,0.1863,NORMAL
2026-08-03 00:10:44,1.7946,3.0058,10.381,0.1826,1.1389,0.2018,NORMAL
2026-08-03 00:10:45,1.7208,2.8968,10.3779,0.1869,1.1104,0.1839,NORMAL
2026-08-03 00:10:46,1.7409,2.9452,10.3974,0.1859,1.1276,0.1806,NORMAL
2026-08-03 00:10:47,1.6658,2.9504,10.441,0.1556,1.1362,0.1801,NORMAL
2026-08-03 00:10:48,1.6391,2.8944,10.4181,0.1394,1.1067,0.1552,NORMAL
2026-08-03 00:10:49,1.7192,2.9436,10.3171,0.1642,1.1203,0.1588,NORMAL
2026-08-03 00:10:50,1.7501,2.9378,10.4485,0.1846,1.1193,0.1852,NORMAL
2026-08-03 00:10:51,1.812,2.9893,10.48,0.1891,1.128,0.1886,NORMAL
2026-08-03 00:10:52,1.8247,3.0047,10.334,0.1879,1.1333,0.1795,NORMAL
2026-08-03 00:10:53,1.6909,2.9087,10.3924,0.1813,1.1275,0.1922,NORMAL
2026-08-03 00:10:54,1.6607,2.8572,10.4319,0.1699,1.0965,0.1811,NORMAL
2026-08-03 00:10:55,1.7081,2.9376,10.4073,0.1793,1.1338,0.1876,NORMAL
2026-08-03 00:10:56,1.7542,2.9937,10.4365,0.1737,1.1393,0.1993,NORMAL
2026-08-03 00:10:57,1.6741,2.9001,10.297,0.1867,1.1316,0.1778,NORMAL
2026-08-03 00:10:58,1.7601,2.9408,10.3204,0.1764,1.1142,0.1811,NORMAL
2026-08-03 00:11:00,1.6869,2.9152,10.3912,0.165,1.1162,0.1567,NORMAL
2026-08-03 00:11:01,1.696,2.9366,10.3854,0.179,1.1356,0.1726,NORMAL
2026-08-03 00:11:02,1.7122,2.9354,10.4572,0.1782,1.1261,0.1721,NORMAL
2026-08-03 00:11:03,1.7792,2.9634,10.3633,0.1851,1.1238,0.1752,NORMAL
2026-08-03 00:11:04,1.7482,2.9704,10.3726,0.1857,1.1371,0.1963,NORMAL
2026-08-03 00:11:15,1.7069,2.9256,10.4018,0.1779,1.123,0.1828,NORMAL
2026-08-03 00:11:16,1.6243,2.8614,10.4821,0.1744,1.1154,0.1865,NORMAL
2026-08-03 00:11:17,1.6763,2.9139,10.4366,0.1859,1.1366,0.2111,NORMAL
2026-08-03 00:11:18,1.7607,2.9786,10.4729,0.1832,1.1369,0.1856,NORMAL
2026-08-03 00:11:19,1.7708,2.9682,10.422,0.1982,1.1401,0.1988,NORMAL
2026-08-03 00:11:20,1.6844,2.9363,10.4246,0.1586,1.1246,0.196,NORMAL
2026-08-03 00:11:21,1.7527,2.9864,10.4877,0.179,1.1422,0.1984,NORMAL
2026-08-03 00:11:22,1.6911,2.9267,10.3658,0.1726,1.1276,0.1711,NORMAL
2026-08-03 00:11:23,1.7369,2.8978,10.4419,0.1992,1.1178,0.191,NORMAL
2026-08-03 00:11:24,1.7686,2.9731,10.4168,0.1919,1.1384,0.1949,NORMAL
2026-08-03 00:11:25,1.7391,2.967,10.4969,0.2003,1.1503,0.183,NORMAL
2026-08-03 00:11:26,1.7612,2.9974,10.2802,0.1769,1.1418,0.1867,NORMAL
2026-08-03 00:11:27,1.8256,3.0345,10.492,0.1923,1.1531,0.1983,NORMAL
2026-08-03 00:11:28,1.688,2.9214,10.4888,0.189,1.1355,0.1994,NORMAL
2026-08-03 00:11:30,1.74,2.9472,10.4194,0.1863,1.1366,0.1991,NORMAL
2026-08-03 00:11:31,1.7611,2.9591,10.4553,0.1839,1.1305,0.1982,NORMAL
2026-08-03 00:11:32,1.6816,2.9572,10.3907,0.1698,1.1477,0.191,NORMAL
2026-08-03 00:11:33,1.7254,2.9546,10.5282,0.1813,1.1366,0.1823,NORMAL
2026-08-03 00:11:34,1.7114,2.9354,10.4606,0.1819,1.1321,0.1966,NORMAL
2026-08-03 00:11:35,1.6605,2.892,10.5109,0.1766,1.1244,0.1649,NORMAL
2026-08-03 00:11:36,1.7291,2.9457,10.4527,0.1909,1.1373,0.1964,NORMAL
2026-08-03 00:11:37,1.744,2.9493,10.4579,0.1935,1.1379,0.2019,NORMAL
2026-08-03 00:11:38,1.7804,2.9928,10.4768,0.2058,1.1519,0.1861,NORMAL
2026-08-03 00:11:39,1.7476,2.9765,10.4234,0.1786,1.1389,0.1928,NORMAL
2026-08-03 00:11:40,1.7625,2.9462,10.4398,0.2004,1.137,0.1905,NORMAL
2026-08-03 00:11:41,1.7476,3.0182,10.4934,0.1769,1.1579,0.1806,NORMAL
2026-08-03 00:11:42,1.6894,2.9536,10.5149,0.1882,1.1519,0.1755,NORMAL
2026-08-03 00:11:43,1.714,2.9354,10.3915,0.1775,1.1261,0.1914,NORMAL
2026-08-03 00:11:44,1.7425,2.9796,10.3825,0.1772,1.1406,0.1961,NORMAL
2026-08-03 00:11:45,1.7477,2.9742,10.4018,0.1859,1.1451,0.1936,NORMAL
2026-08-03 00:11:46,1.7889,2.9769,10.3664,0.185,1.1249,0.1737,NORMAL
2026-08-03 00:11:47,1.7222,2.9502,10.4556,0.1818,1.1376,0.1872,NORMAL
2026-08-03 00:11:48,1.6607,2.9076,10.3353,0.1794,1.1338,0.1906,NORMAL
2026-08-03 00:11:49,1.661,2.8882,10.4042,0.1878,1.1285,0.2114,NORMAL
2026-08-03 00:11:50,1.7558,2.9662,10.4604,0.1878,1.1376,0.1921,NORMAL
2026-08-03 00:11:51,1.7268,2.9768,10.546,0.1877,1.151,0.1944,NORMAL
2026-08-03 00:11:52,1.7614,2.9657,10.323,0.1826,1.1303,0.1903,NORMAL
2026-08-03 00:11:53,1.8089,3.0039,10.4385,0.1944,1.144,0.2004,NORMAL
2026-08-03 00:11:54,1.723,2.9778,10.3217,0.1793,1.1473,0.1828,NORMAL
2026-08-03 00:11:55,1.7034,2.9312,10.4148,0.1643,1.1217,0.1604,NORMAL
2026-08-03 00:11:56,1.7361,2.9246,10.3814,0.1991,1.1275,0.1892,NORMAL
2026-08-03 00:11:57,1.7304,2.9383,10.481,0.1788,1.1221,0.1827,NORMAL
2026-08-03 00:11:58,1.7148,2.9345,10.3795,0.1788,1.129,0.1923,NORMAL
2026-08-03 00:11:59,1.7589,2.923,10.3795,0.1783,1.1061,0.1883,NORMAL
2026-08-03 00:12:00,1.7172,2.9125,10.4044,0.1832,1.1215,0.1901,NORMAL
2026-08-03 00:12:01,1.7266,2.9324,10.4093,0.1792,1.1221,0.1835,NORMAL
2026-08-03 00:12:02,1.7224,2.9457,10.3567,0.1748,1.133,0.172,NORMAL
2026-08-03 00:12:03,1.7055,2.942,10.3912,0.1739,1.1329,0.1761,NORMAL
2026-08-03 00:12:04,1.6611,2.9074,10.3943,0.177,1.1287,0.1808,NORMAL
2026-08-03 00:12:05,1.7573,2.9301,10.3488,0.1893,1.1214,0.1966,NORMAL
2026-08-03 00:12:06,1.6682,2.8967,10.4469,0.1776,1.1234,0.195,NORMAL
2026-08-03 00:12:07,1.6807,2.8875,10.3759,0.1648,1.1017,0.1693,NORMAL
2026-08-03 00:12:08,1.7759,2.956,10.3673,0.1878,1.1206,0.1965,NORMAL
2026-08-03 00:12:09,1.6962,2.9087,10.342,0.1882,1.1271,0.1846,NORMAL
2026-08-03 00:12:10,1.7347,2.999,10.3913,0.1773,1.1511,0.1805,NORMAL
2026-08-03 00:12:11,1.6905,2.9272,10.3427,0.1643,1.1255,0.1639,NORMAL
2026-08-03 00:12:12,1.6764,2.9247,10.4246,0.1629,1.1212,0.1758,NORMAL
2026-08-03 00:12:13,1.6323,2.8851,10.3532,0.1776,1.131,0.1775,NORMAL
2026-08-03 00:12:14,1.6625,2.9134,10.4259,0.1611,1.1172,0.1721,NORMAL
2026-08-03 00:12:15,1.695,2.9032,10.3784,0.1779,1.1163,0.183,NORMAL
2026-08-03 00:12:16,1.6891,2.9055,10.3702,0.1692,1.1088,0.189,NORMAL
2026-08-03 00:12:17,1.669,2.8666,10.4051,0.1819,1.1089,0.1826,NORMAL
2026-08-03 00:12:18,1.6894,2.9196,10.3726,0.1605,1.1184,0.1739,NORMAL
2026-08-03 00:12:19,1.6589,2.8873,10.4198,0.164,1.1096,0.1685,NORMAL
2026-08-03 00:12:20,1.6113,2.8769,10.2574,0.1608,1.119,0.1446,NORMAL
2026-08-03 00:12:21,1.6438,2.8826,10.3576,0.1588,1.1161,0.1598,NORMAL
2026-08-03 00:12:22,1.6883,2.9067,10.3085,0.165,1.113,0.168,NORMAL
2026-08-03 00:12:23,1.6978,2.9156,10.3845,0.1837,1.1256,0.1795,NORMAL
2026-08-03 00:12:24,1.6278,2.8898,10.3695,0.1583,1.1192,0.1437,NORMAL
2026-08-03 00:12:25,1.6037,2.8741,10.3832,0.1714,1.128,0.1573,NORMAL
2026-08-03 00:12:26,1.7354,2.9637,10.3931,0.1689,1.1277,0.166,NORMAL
2026-08-03 00:12:27,1.6765,2.9122,10.2821,0.1605,1.1148,0.155,NORMAL
2026-08-03 00:12:28,1.684,2.9028,10.3558,0.1655,1.1113,0.1595,NORMAL
2026-08-03 00:12:29,1.6473,2.8777,10.3304,0.1663,1.1124,0.1652,NORMAL
2026-08-03 00:12:30,1.6583,2.909,10.4224,0.1676,1.1255,0.1573,NORMAL
2026-08-03 00:12:31,1.6417,2.8959,10.4112,0.1423,1.1045,0.1426,NORMAL
2026-08-03 00:12:33,1.6054,2.8803,10.3577,0.152,1.1183,0.1729,NORMAL
2026-08-03 00:12:34,1.5728,2.8422,10.3595,0.1676,1.1206,0.1607,NORMAL
2026-08-03 00:12:35,1.6273,2.886,10.4291,0.1653,1.1216,0.1581,NORMAL
2026-08-03 00:12:36,1.6138,2.8423,10.329,0.144,1.0909,0.1581,NORMAL
2026-08-03 00:12:37,1.4808,2.7562,10.2519,0.1353,1.0809,0.1569,NORMAL
2026-08-03 00:12:38,1.5664,2.8102,10.2611,0.1508,1.0928,0.1663,NORMAL
2026-08-03 00:12:39,1.5749,2.8311,10.2673,0.1364,1.0881,0.1477,NORMAL
2026-08-03 00:12:40,1.5651,2.789,10.3066,0.1501,1.0827,0.1546,NORMAL
2026-08-03 00:12:41,1.6021,2.8393,10.3018,0.145,1.0935,0.1449,NORMAL
2026-08-03 00:12:42,1.557,2.8344,10.2676,0.1411,1.1017,0.1413,NORMAL
2026-08-03 00:12:43,1.5185,2.7704,10.2854,0.1445,1.0855,0.1404,NORMAL
2026-08-03 00:12:44,1.546,2.8275,10.2439,0.136,1.0988,0.1374,NORMAL
2026-08-03 00:12:45,1.602,2.8488,10.2517,0.1539,1.1043,0.1322,NORMAL
2026-08-03 00:12:46,1.6126,2.87,10.2298,0.1396,1.0972,0.1716,NORMAL
2026-08-03 00:12:47,1.5441,2.8577,10.3033,0.1466,1.1234,0.1565,NORMAL
2026-08-03 00:12:48,1.4862,2.7614,10.2159,0.1246,1.0746,0.1503,NORMAL
2026-08-03 00:12:49,1.5707,2.8117,10.2065,0.1358,1.0784,0.1409,NORMAL
2026-08-03 00:12:50,1.4458,2.7418,10.2411,0.1287,1.0817,0.1307,NORMAL
2026-08-03 00:12:51,1.5156,2.8294,10.256,0.1301,1.1044,0.1467,NORMAL
2026-08-03 00:12:52,1.5095,2.7962,10.2962,0.1325,1.0935,0.1376,NORMAL
2026-08-03 00:12:53,1.6444,2.906,10.256,0.1532,1.1172,0.1503,NORMAL
2026-08-03 00:12:54,1.5233,2.7775,10.2532,0.1439,1.0886,0.1399,NORMAL
2026-08-03 00:12:55,1.5361,2.8079,10.2762,0.1431,1.0962,0.1502,NORMAL
2026-08-03 00:12:56,1.5618,2.7961,10.1911,0.1526,1.0861,0.1465,NORMAL
2026-08-03 00:12:57,1.5595,2.8117,10.238,0.1358,1.0858,0.1286,NORMAL
2026-08-03 00:12:58,1.5782,2.7962,10.2475,0.1424,1.0759,0.1455,NORMAL
2026-08-03 00:12:59,1.5181,2.7701,10.2117,0.14,1.0812,0.1313,NORMAL
2026-08-03 00:13:00,1.5224,2.7884,10.2337,0.1304,1.0811,0.1267,NORMAL
2026-08-03 00:13:01,1.4728,2.7257,10.2332,0.113,1.0508,0.1225,NORMAL
2026-08-03 00:13:02,1.538,2.7948,10.266,0.1431,1.0889,0.1497,NORMAL
2026-08-03 00:13:03,1.4695,2.7152,10.2091,0.1184,1.0497,0.1237,NORMAL
2026-08-03 00:13:04,1.5015,2.7833,10.2089,0.111,1.0709,0.1268,NORMAL
2026-08-03 00:13:05,1.4534,2.7086,10.1731,0.1238,1.0581,0.1292,NORMAL
2026-08-03 00:13:06,1.5014,2.7708,10.2594,0.1334,1.0808,0.131,NORMAL
2026-08-03 00:13:07,1.5305,2.8129,10.2144,0.1181,1.0841,0.1286,NORMAL
2026-08-03 00:13:08,1.4582,2.7607,10.1906,0.1231,1.0853,0.1342,NORMAL
2026-08-03 00:13:09,1.4313,2.7354,10.2289,0.1148,1.0739,0.1394,NORMAL
2026-08-03 00:13:10,1.423,2.7067,10.1909,0.1229,1.0695,0.1122,NORMAL
2026-08-03 00:13:11,1.4555,2.7586,10.2108,0.1225,1.0844,0.1435,NORMAL
2026-08-03 00:13:12,1.4769,2.755,10.2217,0.1178,1.0684,0.1332,NORMAL
2026-08-03 00:13:13,1.4837,2.7783,10.196,0.1223,1.0824,0.1178,NORMAL
2026-08-03 00:13:14,1.5483,2.8351,10.1823,0.1171,1.0911,0.1384,NORMAL
2026-08-03 00:13:15,1.4471,2.7678,10.1785,0.1115,1.084,0.1061,NORMAL
2026-08-03 00:13:16,1.4806,2.7568,10.1428,0.1161,1.0663,0.1414,NORMAL
2026-08-03 00:13:17,1.4875,2.7605,10.2471,0.1323,1.0797,0.1235,NORMAL
2026-08-03 00:13:18,1.348,2.7197,10.1964,0.088,1.0761,0.1071,NORMAL
2026-08-03 00:13:19,1.4773,2.7552,10.2225,0.1139,1.0732,0.145,NORMAL
2026-08-03 00:13:20,1.4978,2.7296,10.1985,0.1256,1.0542,0.1332,NORMAL
2026-08-03 00:13:21,1.4521,2.7329,10.1569,0.095,1.0501,0.0988,NORMAL
2026-08-03 00:13:22,1.4635,2.7356,10.2677,0.1145,1.0631,0.1319,NORMAL
2026-08-03 00:13:23,1.4308,2.7409,10.2092,0.1006,1.068,0.1037,NORMAL
2026-08-03 00:13:24,1.4452,2.7005,10.1311,0.1061,1.0435,0.0951,NORMAL
2026-08-03 00:13:25,1.4665,2.7737,10.118,0.0973,1.069,0.1173,NORMAL
2026-08-03 00:13:26,1.3945,2.7171,10.1452,0.1084,1.072,0.1276,NORMAL
2026-08-03 00:13:27,1.4794,2.7328,10.2132,0.1047,1.0467,0.1168,NORMAL
2026-08-03 00:13:28,1.4688,2.6962,10.1073,0.1442,1.0635,0.1374,NORMAL
2026-08-03 00:13:29,1.3429,2.6837,10.2592,0.1004,1.0668,0.1292,NORMAL
2026-08-03 00:13:30,1.4851,2.7669,10.3251,0.121,1.0746,0.1211,NORMAL
2026-08-03 00:13:32,1.4327,2.7062,10.1336,0.118,1.0588,0.0977,NORMAL
2026-08-03 00:13:33,1.3655,2.6509,10.2073,0.1188,1.0549,0.1103,NORMAL
2026-08-03 00:13:34,1.4008,2.7624,10.1604,0.0929,1.0863,0.1158,NORMAL
2026-08-03 00:13:35,1.4101,2.6952,10.1792,0.1205,1.0646,0.1149,NORMAL
2026-08-03 00:13:36,1.471,2.7388,10.1994,0.1227,1.0716,0.1175,NORMAL
2026-08-03 00:13:37,1.4764,2.72,10.2253,0.1277,1.0569,0.1136,NORMAL
2026-08-03 00:13:39,1.4169,2.7343,10.1096,0.1015,1.0709,0.1167,NORMAL
2026-08-03 00:13:40,1.4311,2.7093,10.0987,0.1205,1.0675,0.1162,NORMAL
2026-08-03 00:13:41,1.4536,2.7289,10.1149,0.1234,1.0677,0.0976,NORMAL
2026-08-03 00:13:42,1.3621,2.675,10.3015,0.1234,1.0722,0.1173,NORMAL
2026-08-03 00:13:43,1.4009,2.7012,10.1418,0.0954,1.0507,0.0879,NORMAL
2026-08-03 00:13:44,1.3883,2.6833,10.1406,0.0915,1.0469,0.1082,NORMAL
2026-08-03 00:13:45,1.4007,2.6736,10.1325,0.123,1.0566,0.1121,NORMAL
2026-08-03 00:13:46,1.4042,2.6918,10.2318,0.1177,1.0637,0.1003,NORMAL
2026-08-03 00:13:48,1.4076,2.7094,10.1574,0.103,1.059,0.0975,NORMAL
2026-08-03 00:13:49,1.3729,2.745,10.2158,0.1034,1.0934,0.1219,NORMAL
2026-08-03 00:13:50,1.3951,2.7155,10.1695,0.1182,1.0813,0.128,NORMAL
2026-08-03 00:13:51,1.3397,2.6911,10.2208,0.1058,1.0743,0.1108,NORMAL
2026-08-03 00:13:52,1.3093,2.6529,10.1625,0.0947,1.0591,0.119,NORMAL
2026-08-03 00:13:53,1.382,2.6704,10.1303,0.1055,1.0469,0.1053,NORMAL
2026-08-03 00:13:55,1.4306,2.6995,10.1881,0.1146,1.0512,0.1196,NORMAL
2026-08-03 00:13:56,1.3923,2.6577,10.2658,0.123,1.0531,0.1068,NORMAL
2026-08-03 00:13:57,1.382,2.6637,10.1754,0.1112,1.0502,0.1136,NORMAL
